tag_id,raw_name,display_name_en,display_name_zh,count
385430,hatsune_miku,hatsune miku,,89677
12239,hakurei_reimu,hakurei reimu,,73962
12242,kirisame_marisa,kirisame marisa,,67226
12248,remilia_scarlet,remilia scarlet,,49813
12249,flandre_scarlet,flandre scarlet,,48265
12314,izayoi_sakuya,izayoi sakuya,,44493
1301082,admiral_(kancolle),admiral (kancolle),,37303
1478495,artoria_pendragon_(fate),artoria pendragon (fate),,35675
388200,kochiya_sanae,kochiya sanae,,34152
9123,alice_margatroid,alice margatroid,,33846
12247,patchouli_knowledge,patchouli knowledge,,33570
12244,konpaku_youmu,konpaku youmu,,33386
1720,cirno,cirno,,33294
427142,komeiji_koishi,komeiji koishi,,31713
12246,yakumo_yukari,yakumo yukari,,31287
12308,shameimaru_aya,shameimaru aya,,27523
12304,reisen_udongein_inaba,reisen udongein inaba,,26079
12307,fujiwara_no_mokou,fujiwara no mokou,,25741
427143,komeiji_satori,komeiji satori,,24629
11374,hong_meiling,hong meiling,,24348
592924,akemi_homura,akemi homura,,24201
12245,saigyouji_yuyuko,saigyouji yuyuko,,23212
592925,kaname_madoka,kaname madoka,,23211
395218,inubashiri_momiji,inubashiri momiji,,21718
1631074,kaga_(kancolle),kaga (kancolle),,21127
12250,yakumo_ran,yakumo ran,,19328
390427,kagamine_rin,kagamine rin,,19045
602257,konpaku_youmu_(ghost),konpaku youmu (ghost),,18383
427145,kaenbyou_rin,kaenbyou rin,,18358
384842,moriya_suwako,moriya suwako,,18215
2082,rumia,rumia,,18126
1275729,shimakaze_(kancolle),shimakaze (kancolle),,17717
401582,kazami_yuuka,kazami yuuka,,17493
593109,miki_sayaka,miki sayaka,,17374
427184,reiuji_utsuho,reiuji utsuho,,17240
474,chen,chen,,17156
1213183,saber_(fate),saber (fate),,16702
1602203,ganyu_(genshin_impact),ganyu (genshin impact),,16652
1275718,hibiki_(kancolle),hibiki (kancolle),,16538
1414209,mash_kyrielight,mash kyrielight,,16080
473327,tatara_kogasa,tatara kogasa,,15983
383392,kawashiro_nitori,kawashiro nitori,,15870
12302,kamishirasawa_keine,kamishirasawa keine,,15819
1275728,shigure_(kancolle),shigure (kancolle),,15718
415326,hinanawi_tenshi,hinanawi tenshi,,15462
604258,sakura_kyoko,sakura kyoko,,14872
593108,tomoe_mami,tomoe mami,,14796
12306,houraisan_kaguya,houraisan kaguya,,14523
1799,koakuma,koakuma,,14297
12300,mystia_lorelei,mystia lorelei,,14283
475833,souryuu_asuka_langley,souryuu asuka langley,,13517
12303,inaba_tewi,inaba tewi,,13472
12313,ibuki_suika,ibuki suika,,13410
1350122,kongou_(kancolle),kongou (kancolle),,13408
473267,nazrin,nazrin,,12879
1275720,inazuma_(kancolle),inazuma (kancolle),,12856
503349,hijiri_byakuren,hijiri byakuren,,12693
1613000,warrior_of_light_(ff14),warrior of light (ff14),,12512
1630449,akagi_(kancolle),akagi (kancolle),,12451
393597,kagamine_len,kagamine len,,12419
6313,link,link,,12385
1686237,raiden_shogun,raiden shogun,,12239
1473623,tamamo_(fate),tamamo (fate),,12070
503343,houjuu_nue,houjuu nue,,12031
1581467,lumine_(genshin_impact),lumine (genshin impact),,11757
1533309,houshou_marine,houshou marine,,11739
1270870,tenryuu_(kancolle),tenryuu (kancolle),,11481
1391753,fujimaru_ritsuka_(male),fujimaru ritsuka (male),,11472
384841,yasaka_kanako,yasaka kanako,,11452
1593594,gawr_gura,gawr gura,,11448
1631504,yuudachi_(kancolle),yuudachi (kancolle),,11386
12305,yagokoro_eirin,yagokoro eirin,,11356
1391754,fujimaru_ritsuka_(female),fujimaru ritsuka (female),,11288
457810,megurine_luka,megurine luka,,11218
1479739,jeanne_d'arc_alter_(fate),jeanne d'arc alter (fate),,11062
413783,mizuhashi_parsee,mizuhashi parsee,,10974
1631198,sensei_(blue_archive),sensei (blue archive),,10925
1275715,fubuki_(kancolle),fubuki (kancolle),,10839
1275719,ikazuchi_(kancolle),ikazuchi (kancolle),,10828
1471064,abigail_williams_(fate),abigail williams (fate),,10742
3861,pikachu,pikachu,,10538
1635696,hu_tao_(genshin_impact),hu tao (genshin impact),,10238
1275711,akatsuki_(kancolle),akatsuki (kancolle),,10176
1631523,zuikaku_(kancolle),zuikaku (kancolle),,10116
456150,akiyama_mio,akiyama mio,,10077
638495,toyosatomimi_no_miko,toyosatomimi no miko,,9782
1630699,hamakaze_(kancolle),hamakaze (kancolle),,9722
9466,suzumiya_haruhi,suzumiya haruhi,,9541
1335350,haruna_(kancolle),haruna (kancolle),,9541
1433170,nero_claudius_(fate),nero claudius (fate),,9485
1631219,nagato_(kancolle),nagato (kancolle),,9482
13814,morichika_rinnosuke,morichika rinnosuke,,9414
94496,princess_zelda,princess zelda,,9354
384197,kagiyama_hina,kagiyama hina,,9328
2075918,inkling_player_character,inkling player character,,9292
391888,tifa_lockhart,tifa lockhart,,9278
465977,hoshiguma_yuugi,hoshiguma yuugi,,9218
7441,fate_testarossa,fate testarossa,,9158
1351818,kashima_(kancolle),kashima (kancolle),,9133
700405,nishizumi_miho,nishizumi miho,,8940
465646,tohsaka_rin,tohsaka rin,,8904
7493,daiyousei,daiyousei,,8848
638499,mononobe_no_futo,mononobe no futo,,8823
1978860,2b_(nier:automata),2b (nier:automata),,8815
12299,wriggle_nightbug,wriggle nightbug,,8802
599169,shanghai_doll,shanghai doll,,8797
472387,nakano_azusa,nakano azusa,,8741
9715,nagato_yuki,nagato yuki,,8684
1333465,rem_(re:zero),rem (re:zero),,8636
1479836,shirakami_fubuki,shirakami fubuki,,8635
1622755,asuna_(blue_archive),asuna (blue archive),,8632
465688,shiki_eiki,shiki eiki,,8600
12342,usami_renko,usami renko,宇佐见莲子,8579
395918,misaka_mikoto,misaka mikoto,,8470
12311,onozuka_komachi,onozuka komachi,,8463
1380245,suzuya_(kancolle),suzuya (kancolle),,8405
1631280,ryuujou_(kancolle),ryuujou (kancolle),,8338
12108,illyasviel_von_einzbern,illyasviel von einzbern,,8259
455424,hirasawa_yui,hirasawa yui,,8251
506041,maribel_hearn,maribel hearn,玛艾露贝莉 赫恩,8249
600200,kyubey,kyubey,,8249
1452630,scathach_(fate),scathach (fate),,8162
1733099,yae_miko,yae miko,,8153
1233711,imaizumi_kagerou,imaizumi kagerou,,8134
1964304,gotoh_hitori,gotoh hitori,,8111
1625332,yuuka_(blue_archive),yuuka (blue archive),,8082
1600114,zhongli_(genshin_impact),zhongli (genshin impact),,8034
8327,ayanami_rei,ayanami rei,,7965
452135,producer_(idolmaster),producer (idolmaster),,7935
1639113,shigure_kai_ni_(kancolle),shigure kai ni (kancolle),,7790
1523054,manjuu_(azur_lane),manjuu (azur lane),,7782
1631004,houshou_(kancolle),houshou (kancolle),,7704
503351,toramaru_shou,toramaru shou,,7667
8552,takamachi_nanoha,takamachi nanoha,,7658
1511608,inkling_girl,inkling girl,,7624
1531173,usada_pekora,usada pekora,,7611
378876,joseph_joestar,joseph joestar,,7552
1639135,yuudachi_kai_ni_(kancolle),yuudachi kai ni (kancolle),,7473
1231258,matoi_ryuuko,matoi ryuuko,,7459
1408636,jeanne_d'arc_(fate),jeanne d'arc (fate),,7455
1599785,aether_(genshin_impact),aether (genshin impact),,7433
1405000,serval_(kemono_friends),serval (kemono friends),,7418
1648389,yor_briar,yor briar,,7187
1525565,hoshimachi_suisei,hoshimachi suisei,,7115
456151,tainaka_ritsu,tainaka ritsu,,7114
544560,himekaidou_hatate,himekaidou hatate,,7114
1275723,murakumo_(kancolle),murakumo (kancolle),,7112
1277794,amatsukaze_(kancolle),amatsukaze (kancolle),,7087
1596257,mona_(genshin_impact),mona (genshin impact),,7062
1287532,megumin,megumin,,7050
592977,nishikino_maki,nishikino maki,,7024
1593596,ninomae_ina'nis,ninomae ina'nis,,6999
1631456,ushio_(kancolle),ushio (kancolle),,6944
1593595,mori_calliope,mori calliope,,6928
713730,kafuu_chino,kafuu chino,,6920
638538,kaku_seiga,kaku seiga,,6914
466373,dawn_(pokemon),dawn (pokemon),,6912
615562,toujou_nozomi,toujou nozomi,,6909
1765420,jeanne_d'arc_alter_(avenger)_(fate),jeanne d'arc alter (avenger) (fate),,6894
593046,sonoda_umi,sonoda umi,,6883
1438816,okita_souji_(fate),okita souji (fate),,6839
1600563,keqing_(genshin_impact),keqing (genshin impact),,6830
1584981,shiroko_(blue_archive),shiroko (blue archive),,6815
662185,shibuya_rin,shibuya rin,,6810
1275734,yukikaze_(kancolle),yukikaze (kancolle),,6743
503350,murasa_minamitsu,murasa minamitsu,,6732
1369674,lillie_(pokemon),lillie (pokemon),,6697
1285206,atago_(kancolle),atago (kancolle),,6679
1585358,northern_ocean_princess,northern ocean princess,,6674
699794,nanami_chiaki,nanami chiaki,,6647
1495213,minato_aqua,minato aqua,,6646
1631488,yamato_(kancolle),yamato (kancolle),,6620
445942,gardevoir,gardevoir,,6606
1631360,shoukaku_(kancolle),shoukaku (kancolle),,6563
593043,ayase_eli,ayase eli,,6506
592974,yazawa_nico,yazawa nico,,6495
656409,yuzuki_yukari,yuzuki yukari,,6481
1682530,tamamo_no_mae_(fate/extra),tamamo no mae (fate/extra),,6464
413645,nagae_iku,nagae iku,,6428
54494,kujo_jotaro,kujo jotaro,,6407
1233709,hata_no_kokoro,hata no kokoro,秦心,6399
1275712,akebono_(kancolle),akebono (kancolle),,6398
669326,kaito_(vocaloid),kaito (vocaloid),,6369
487910,joseph_joestar_(young),joseph joestar (young),,6351
2040387,doodle_sensei_(blue_archive),doodle sensei (blue archive),,6324
570051,ibaraki_kasen,ibaraki kasen,,6301
1424365,pyra_(xenoblade),pyra (xenoblade),,6291
13108,chun-li,chun-li,,6261
1526564,doctor_(arknights),doctor (arknights),,6177
7439,kinomoto_sakura,kinomoto sakura,,6112
1467839,trainer_(umamusume),trainer (umamusume),,6108
1518952,nekomata_okayu,nekomata okayu,,6097
1631124,kitakami_(kancolle),kitakami (kancolle),,6096
1442931,amiya_(arknights),amiya (arknights),,6091
1435530,shuten_douji_(fate),shuten douji (fate),,6086
1516925,makima_(chainsaw_man),makima (chainsaw man),,6072
1649146,gilgamesh_(fate),gilgamesh (fate),,6058
1532746,byleth_(fire_emblem),byleth (fire emblem),,6056
638583,soga_no_tojiko,soga no tojiko,,6039
1605761,hina_(blue_archive),hina (blue archive),,6010
466360,may_(pokemon),may (pokemon),,6006
10365,cloud_strife,cloud strife,,6004
413652,kurodani_yamame,kurodani yamame,,5991
619180,kasodani_kyouko,kasodani kyouko,,5982
7438,matou_sakura,matou sakura,,5971
619181,miyako_yoshika,miyako yoshika,,5945
473328,kumoi_ichirin,kumoi ichirin,,5918
1239690,rensouhou-chan,rensouhou-chan,,5885
717860,rosa_(pokemon),rosa (pokemon),,5882
1867985,toki_(blue_archive),toki (blue archive),,5873
1631257,ooyodo_(kancolle),ooyodo (kancolle),,5854
1448304,astolfo_(fate),astolfo (fate),,5808
1593597,takanashi_kiara,takanashi kiara,,5781
1533332,marnie_(pokemon),marnie (pokemon),,5774
1372463,darjeeling_(girls_und_panzer),darjeeling (girls und panzer),,5772
101752,hoshii_miki,hoshii miki,,5749
1595272,venti_(genshin_impact),venti (genshin impact),,5678
1328621,clownpiece,clownpiece,克劳恩皮丝,5669
1427460,prinz_eugen_(kancolle),prinz eugen (kancolle),,5662
1478494,cu_chulainn_(fate),cu chulainn (fate),,5626
1549065,tokoyami_towa,tokoyami towa,,5620
1243755,kijin_seija,kijin seija,,5611
1590956,mythra_(xenoblade),mythra (xenoblade),,5611
1630515,asashio_(kancolle),asashio (kancolle),,5561
615290,hilda_(pokemon),hilda (pokemon),,5557
382074,hiiragi_kagami,hiiragi kagami,,5548
1361469,mutsu_(kancolle),mutsu (kancolle),,5538
11941,samus_aran,samus aran,,5535
456152,kotobuki_tsumugi,kotobuki tsumugi,,5533
1572405,klee_(genshin_impact),klee (genshin impact),,5486
1405300,kaban_(kemono_friends),kaban (kemono friends),,5475
1442946,texas_(arknights),texas (arknights),,5469
1630648,female_admiral_(kancolle),female admiral (kancolle),,5463
1593598,watson_amelia,watson amelia,,5462
1448306,mordred_(fate),mordred (fate),,5452
713720,nishizumi_maho,nishizumi maho,,5450
11498,kirby,kirby,,5440
1631410,tatsuta_(kancolle),tatsuta (kancolle),,5434
1685272,ouro_kronii,ouro kronii,,5419
1651926,kamisato_ayaka,kamisato ayaka,,5404
52967,princess_peach,princess peach,,5392
1685271,nanashi_mumei,nanashi mumei,,5378
1464562,minamoto_no_raikou_(fate),minamoto no raikou (fate),,5372
1233706,sekibanki,sekibanki,,5354
713721,itsumi_erika,itsumi erika,,5309
10658,emiya_shirou,emiya shirou,,5307
710903,meiko_(vocaloid),meiko (vocaloid),,5301
383424,aki_minoriko,aki minoriko,,5292
593045,minami_kotori,minami kotori,,5250
1645004,rice_shower_(umamusume),rice shower (umamusume),,5249
466669,c.c.,c.c.,,5237
1328650,junko_(touhou),junko (touhou),,5237
452021,hieda_no_akyuu,hieda no akyuu,,5214
1610604,tartaglia_(genshin_impact),tartaglia (genshin impact),,5184
382075,izumi_konata,izumi konata,,5162
279302,dio_brando,dio brando,,5154
1631313,sendai_(kancolle),sendai (kancolle),,5148
1646740,archer_(fate),archer (fate),,5140
1631252,ooi_(kancolle),ooi (kancolle),,5131
405454,aerith_gainsborough,aerith gainsborough,,5112
1564340,paimon_(genshin_impact),paimon (genshin impact),,5111
1630531,bismarck_(kancolle),bismarck (kancolle),,5108
1680295,mika_(blue_archive),mika (blue archive),,5105
1293664,musashi_(kancolle),musashi (kancolle),,5102
727352,anchovy_(girls_und_panzer),anchovy (girls und panzer),,5084
1641843,eula_(genshin_impact),eula (genshin impact),,5081
7866,tsukino_usagi,tsukino usagi,,5078
434767,caesar_anthonio_zeppeli,caesar anthonio zeppeli,,5064
1646765,mejiro_mcqueen_(umamusume),mejiro mcqueen (umamusume),,5064
1350123,akashi_(kancolle),akashi (kancolle),,5046
1507496,takao_(kancolle),takao (kancolle),,5015
1544889,gloria_(pokemon),gloria (pokemon),,5014
1533307,shirogane_noel,shirogane noel,,5012
698982,asuna_(sao),asuna (sao),,4984
9071,amami_haruka,amami haruka,,4941
1862749,aris_(blue_archive),aris (blue archive),,4939
1515171,sakura_miko,sakura miko,,4933
1243757,sukuna_shinmyoumaru,sukuna shinmyoumaru,,4931
1821363,nahida_(genshin_impact),nahida (genshin impact),,4924
1646762,daiwa_scarlet_(umamusume),daiwa scarlet (umamusume),,4923
1964798,furina_(genshin_impact),furina (genshin impact),,4919
1275730,shiranui_(kancolle),shiranui (kancolle),,4911
1478256,medusa_(fate),medusa (fate),,4876
1667133,hk416_(girls'_frontline),hk416 (girls' frontline),,4872
510663,yoko_littner,yoko littner,,4865
638500,futatsuiwa_mamizou,futatsuiwa mamizou,二岩猯藏,4856
1734279,okita_souji_(koha-ace),okita souji (koha-ace),,4843
1717604,shenhe_(genshin_impact),shenhe (genshin impact),,4835
1631305,sazanami_(kancolle),sazanami (kancolle),,4831
1631308,souryuu_(kancolle),souryuu (kancolle),,4827
1622591,koharu_(blue_archive),koharu (blue archive),,4810
1658781,scaramouche_(genshin_impact),scaramouche (genshin impact),,4798
1682533,nero_claudius_(fate/extra),nero claudius (fate/extra),,4787
1526509,skadi_(arknights),skadi (arknights),,4783
700403,akiyama_yukari,akiyama yukari,,4773
1339317,d.va_(overwatch),d.va (overwatch),,4767
1886284,byleth_(female)_(fire_emblem),byleth (female) (fire emblem),,4763
1492223,taihou_(azur_lane),taihou (azur lane),,4758
1275727,samidare_(kancolle),samidare (kancolle),,4749
383855,aki_shizuha,aki shizuha,,4736
1518950,inugami_korone,inugami korone,,4735
1799500,asuna_(bunny)_(blue_archive),asuna (bunny) (blue archive),,4698
424565,shijou_takane,shijou takane,,4697
1631484,yamashiro_(kancolle),yamashiro (kancolle),,4695
12295,letty_whiterock,letty whiterock,,4678
701140,komaeda_nagito,komaeda nagito,,4673
1246753,senketsu,senketsu,,4668
593044,kousaka_honoka,kousaka honoka,,4648
466315,ash_ketchum,ash ketchum,,4642
1081167,mordred_(fate/apocrypha),mordred (fate/apocrypha),,4628
1549061,amane_kanata,amane kanata,,4622
21,suigintou,suigintou,,4617
1316173,watanabe_you,watanabe you,,4615
1502759,ookami_mio,ookami mio,,4604
1630992,hiei_(kancolle),hiei (kancolle),,4601
1421198,bb_(fate),bb (fate),,4590
1248945,wo-class_aircraft_carrier,wo-class aircraft carrier,,4585
1584986,hoshino_(blue_archive),hoshino (blue archive),,4574
1500247,oozora_subaru,oozora subaru,,4572
422767,gumi,gumi,,4565
1231257,kiryuuin_satsuki,kiryuuin satsuki,,4565
1631272,ro-500_(kancolle),ro-500 (kancolle),,4565
1328656,hecatia_lapislazuli,hecatia lapislazuli,赫卡提亚 拉碧斯拉祖利,4546
1631098,kasumi_(kancolle),kasumi (kancolle),,4533
1623068,karin_(blue_archive),karin (blue archive),,4512
9072,kisaragi_chihaya,kisaragi chihaya,,4503
1822797,boo_tao_(genshin_impact),boo tao (genshin impact),,4485
1631042,iowa_(kancolle),iowa (kancolle),,4482
1342225,verniy_(kancolle),verniy (kancolle),,4458
9079,kikuchi_makoto,kikuchi makoto,,4457
1333552,kirishima_(kancolle),kirishima (kancolle),,4444
665139,shirasaka_koume,shirasaka koume,,4443
1511455,yumemi_riamu,yumemi riamu,,4426
9078,minase_iori,minase iori,,4425
15550,morrigan_aensland,morrigan aensland,,4415
422691,oshino_shinobu,oshino shinobu,,4414
1933188,houshou_marine_(1st_costume),houshou marine (1st costume),,4410
1646764,gold_ship_(umamusume),gold ship (umamusume),,4394
445830,red_(pokemon),red (pokemon),,4387
644424,nami_(one_piece),nami (one piece),,4385
1561709,bremerton_(azur_lane),bremerton (azur lane),,4381
615222,hoshizora_rin,hoshizora rin,,4349
1440040,atago_(azur_lane),atago (azur lane),,4344
448496,cynthia_(pokemon),cynthia (pokemon),,4340
1529309,anya_(spy_x_family),anya (spy x family),,4300
1770073,nishikigi_chisato,nishikigi chisato,,4294
1350743,aqua_(konosuba),aqua (konosuba),,4288
1934883,oma_kokichi,oma kokichi,,4286
1531312,uruha_rushia,uruha rushia,,4285
660315,shimamura_uzuki,shimamura uzuki,,4275
472979,saber_alter,saber alter,,4265
1292960,midoriya_izuku,midoriya izuku,,4252
1598280,xiao_(genshin_impact),xiao (genshin impact),,4249
1586173,yukihana_lamy,yukihana lamy,,4241
1644978,agnes_tachyon_(umamusume),agnes tachyon (umamusume),,4239
13270,cammy_white,cammy white,,4227
460796,ex-keine,ex-keine,,4216
1586175,shishiro_botan,shishiro botan,,4216
1440089,prinz_eugen_(azur_lane),prinz eugen (azur lane),,4210
1719003,sakamata_chloe,sakamata chloe,,4204
1769318,jeanne_d'arc_(ruler)_(fate),jeanne d'arc (ruler) (fate),,4191
1631502,yuubari_(kancolle),yuubari (kancolle),,4181
425446,ganaha_hibiki,ganaha hibiki,,4177
1561704,higuchi_madoka,higuchi madoka,,4165
1646761,tokai_teio_(umamusume),tokai teio (umamusume),,4163
1629450,meltryllis_(fate),meltryllis (fate),,4162
1435314,oyama_mahiro,oyama mahiro,,4155
701382,hinata_hajime,hinata hajime,,4152
665166,takagaki_kaede,takagaki kaede,,4133
1536480,formidable_(azur_lane),formidable (azur lane),,4129
1233049,sagisawa_fumika,sagisawa fumika,,4117
1631121,kiso_(kancolle),kiso (kancolle),,4089
1569865,karyl_(princess_connect!),karyl (princess connect!),,4076
1515819,power_(chainsaw_man),power (chainsaw man),,4069
1442306,zero_two_(darling_in_the_franxx),zero two (darling in the franxx),,4068
16266,son_goku,son goku,,4066
1630996,hiryuu_(kancolle),hiryuu (kancolle),,4047
9750,asahina_mikuru,asahina mikuru,,4045
1586112,frieren,frieren,,4045
1233712,wakasagihime,wakasagihime,,4042
1341413,djeeta_(granblue_fantasy),djeeta (granblue fantasy),,4001
646093,ultimate_madoka,ultimate madoka,,3994
1627707,miyamoto_musashi_(fate),miyamoto musashi (fate),,3988
12257,ikari_shinji,ikari shinji,,3960
1328609,kishin_sagume,kishin sagume,稀神探女,3942
1933162,gawr_gura_(1st_costume),gawr gura (1st costume),,3915
1630687,graf_zeppelin_(kancolle),graf zeppelin (kancolle),,3910
1649150,medusa_(rider)_(fate),medusa (rider) (fate),,3872
1527899,kitagawa_marin,kitagawa marin,,3869
1805355,suletta_mercury,suletta mercury,,3861
1452466,ereshkigal_(fate),ereshkigal (fate),,3850
1934951,saihara_shuichi,saihara shuichi,,3849
1514981,selene_(pokemon),selene (pokemon),,3845
1236324,serena_(pokemon),serena (pokemon),,3829
781225,lucina_(fire_emblem),lucina (fire emblem),,3806
592976,koizumi_hanayo,koizumi hanayo,,3794
1627592,ishtar_(fate),ishtar (fate),,3781
1491767,murasaki_shion,murasaki shion,,3780
8882,lily_white,lily white,,3774
670056,kuroki_tomoko,kuroki tomoko,,3767
1528907,corrin_(fire_emblem),corrin (fire emblem),,3761
3030,mario,mario,,3760
664384,jougasaki_mika,jougasaki mika,,3739
1312747,hestia_(danmachi),hestia (danmachi),,3738
1440003,belfast_(azur_lane),belfast (azur lane),,3736
9075,takatsuki_yayoi,takatsuki yayoi,,3733
1509133,sirius_(azur_lane),sirius (azur lane),,3733
1524374,lappland_(arknights),lappland (arknights),,3725
9681,kyon,kyon,,3707
1493247,bowsette,bowsette,,3701
1292959,uraraka_ochako,uraraka ochako,,3695
1549082,kiryu_coco,kiryu coco,,3693
1719009,la+_darknesss,la+ darknesss,,3690
660302,ahri_(league_of_legends),ahri (league of legends),,3689
663994,kanzaki_ranko,kanzaki ranko,,3666
496900,black_rock_shooter_(character),black rock shooter (character),,3658
1631228,naka_(kancolle),naka (kancolle),,3658
11055,furude_rika,furude rika,,3652
8048,sailor_moon,sailor moon,,3646
11853,haruno_sakura,haruno sakura,,3632
700407,takebe_saori,takebe saori,,3615
1929196,toki_(bunny)_(blue_archive),toki (bunny) (blue archive),,3609
1811190,nilou_(genshin_impact),nilou (genshin impact),,3606
591909,stocking_(psg),stocking (psg),,3600
445932,eevee,eevee,,3597
1933177,usada_pekora_(1st_costume),usada pekora (1st costume),,3596
1316172,tsushima_yoshiko,tsushima yoshiko,,3590
620127,narukami_yuu,narukami yuu,,3570
413714,kisume,kisume,,3567
1631521,zuihou_(kancolle),zuihou (kancolle),,3567
1649152,cu_chulainn_(fate/stay_night),cu chulainn (fate/stay night),,3560
1500444,commander_(azur_lane),commander (azur lane),,3546
1757377,yelan_(genshin_impact),yelan (genshin impact),,3534
1770074,inoue_takina,inoue takina,,3521
593780,super_sonico,super sonico,,3516
1630645,fairy_(kancolle),fairy (kancolle),,3511
1500246,nakiri_ayame,nakiri ayame,,3506
1585359,seaport_princess,seaport princess,,3498
1782917,kita_ikuyo,kita ikuyo,,3494
1275725,naganami_(kancolle),naganami (kancolle),,3490
1705933,monster_hunter_(character),monster hunter (character),,3486
1533296,shiranui_flare,shiranui flare,,3486
1582962,fischl_(genshin_impact),fischl (genshin impact),,3486
1584990,arona_(blue_archive),arona (blue archive),,3485
1515818,denji_(chainsaw_man),denji (chainsaw man),,3464
1378250,i-19_(kancolle),i-19 (kancolle),,3463
1685270,hakos_baelz,hakos baelz,,3460
1265245,ichinose_shiki,ichinose shiki,,3458
14152,kakyoin_noriaki,kakyoin noriaki,,3455
1159816,mirko,mirko,,3450
466818,misty_(pokemon),misty (pokemon),,3444
687394,nitta_minami,nitta minami,,3432
1480186,takarada_rikka,takarada rikka,,3429
550231,gokou_ruri,gokou ruri,,3426
1271042,kiana_kaslana,kiana kaslana,,3422
1660592,hanako_(blue_archive),hanako (blue archive),,3418
1893407,kisaki_(blue_archive),kisaki (blue archive),,3414
1646759,silence_suzuka_(umamusume),silence suzuka (umamusume),,3402
1532725,edelgard_von_hresvelg,edelgard von hresvelg,,3389
413395,kujo_jolyne,kujo jolyne,,3386
633863,tachibana_arisu,tachibana arisu,,3383
12309,medicine_melancholy,medicine melancholy,,3378
1440013,unicorn_(azur_lane),unicorn (azur lane),,3378
1643885,mari_(blue_archive),mari (blue archive),,3373
1275724,murasame_(kancolle),murasame (kancolle),,3372
1533759,barbara_(genshin_impact),barbara (genshin impact),,3364
1317066,doremy_sweet,doremy sweet,哆来咪 苏伊特,3339
1509453,fu_hua,fu hua,,3335
1462685,kokkoro_(princess_connect!),kokkoro (princess connect!),,3331
662047,sanya_v._litvyak,sanya v. litvyak,,3326
634453,barnaby_brooks_jr.,barnaby brooks jr.,,3325
12296,lunasa_prismriver,lunasa prismriver,,3322
1631482,yamakaze_(kancolle),yamakaze (kancolle),,3307
1580066,suzuran_(arknights),suzuran (arknights),,3307
413396,giorno_giovanna,giorno giovanna,,3302
1316171,sakurauchi_riko,sakurauchi riko,,3297
1054766,chloe_von_einzbern,chloe von einzbern,,3276
1499605,natsuiro_matsuri,natsuiro matsuri,,3276
1507493,maya_(kancolle),maya (kancolle),,3273
421104,eila_ilmatar_juutilainen,eila ilmatar juutilainen,,3269
1667136,ump45_(girls'_frontline),ump45 (girls' frontline),,3266
1599614,jean_(genshin_impact),jean (genshin impact),,3261
1644992,manhattan_cafe_(umamusume),manhattan cafe (umamusume),,3260
12355,uzumaki_naruto,uzumaki naruto,,3259
1799218,trailblazer_(honkai:_star_rail),trailblazer (honkai: star rail),,3258
1292961,bakugou_katsuki,bakugou katsuki,,3250
713714,kay_(girls_und_panzer),kay (girls und panzer),,3244
1631984,ako_(blue_archive),ako (blue archive),,3242
1447551,florence_nightingale_(fate),florence nightingale (fate),,3239
407911,jonathan_joestar,jonathan joestar,,3237
1631030,i-58_(kancolle),i-58 (kancolle),,3236
1805391,miorine_rembran,miorine rembran,,3230
1678980,sangonomiya_kokomi,sangonomiya kokomi,,3226
1442947,ch'en_(arknights),ch'en (arknights),,3225
1317065,usami_sumireko,usami sumireko,,3218
724152,anastasia_(idolmaster),anastasia (idolmaster),,3206
1865359,rio_(blue_archive),rio (blue archive),,3204
649985,kaburagi_t._kotetsu,kaburagi t. kotetsu,,3203
8553,yagami_hayate,yagami hayate,,3199
539110,yuki_miku,yuki miku,,3198
12107,kotomine_kirei,kotomine kirei,,3194
563892,kirito,kirito,,3194
620175,mikasa_ackerman,mikasa ackerman,,3194
1782915,ijichi_nijika,ijichi nijika,,3192
1525541,gojou_satoru,gojou satoru,,3188
382076,hiiragi_tsukasa,hiiragi tsukasa,,3174
1468120,nakano_nino,nakano nino,,3168
1627605,kama_(fate),kama (fate),,3160
1325863,robin_(fire_emblem),robin (fire emblem),,3159
660098,futaba_anzu,futaba anzu,,3158
722007,katyusha_(girls_und_panzer),katyusha (girls und panzer),,3152
1342592,shimada_arisu,shimada arisu,,3149
649693,jack_the_ripper_(fate/apocrypha),jack the ripper (fate/apocrypha),,3149
665397,koshimizu_sachiko,koshimizu sachiko,,3146
711691,motoori_kosuzu,motoori kosuzu,,3133
1442945,exusiai_(arknights),exusiai (arknights),,3129
1524970,reisalin_stout,reisalin stout,,3126
437574,shirai_kuroko,shirai kuroko,,3120
1295748,mercy_(overwatch),mercy (overwatch),,3119
13543,hyuuga_hinata,hyuuga hinata,,3115
1594094,pecorine_(princess_connect!),pecorine (princess connect!),,3109
1645002,nice_nature_(umamusume),nice nature (umamusume),,3108
1544892,raihan_(pokemon),raihan (pokemon),,3099
1478507,iskandar_(fate),iskandar (fate),,3097
1275713,akigumo_(kancolle),akigumo (kancolle),,3088
1337035,leon_(pokemon),leon (pokemon),,3088
1441167,ayanami_(azur_lane),ayanami (azur lane),,3086
419123,shirogane_naoto,shirogane naoto,,3085
1792624,kafka_(honkai:_star_rail),kafka (honkai: star rail),,3072
1599722,aru_(blue_archive),aru (blue archive),,3072
527774,monkey_d._luffy,monkey d. luffy,,3059
11349,ryuuguu_rena,ryuuguu rena,,3055
1240694,ruby_rose,ruby rose,,3040
1333466,emilia_(re:zero),emilia (re:zero),,3036
403357,nia_teppelin,nia teppelin,,3029
1631514,z1_leberecht_maass_(kancolle),z1 leberecht maass (kancolle),,3027
1566117,kal'tsit_(arknights),kal'tsit (arknights),,3021
12514,shiranui_mai,shiranui mai,,3018
1628204,momoi_(blue_archive),momoi (blue archive),,3009
1462591,narmaya_(granblue_fantasy),narmaya (granblue fantasy),,3008
8956,star_sapphire,star sapphire,,3006
1276066,hoto_cocoa,hoto cocoa,,3002
1417248,common_raccoon_(kemono_friends),common raccoon (kemono friends),,3001
682208,bridget_(guilty_gear),bridget (guilty gear),,2999
1452972,yorigami_shion,yorigami shion,依神紫苑,2996
1631389,taihou_(kancolle),taihou (kancolle),,2992
1768637,miyu_(blue_archive),miyu (blue archive),,2992
398775,sheryl_nome,sheryl nome,,2983
375279,waver_velvet,waver velvet,,2981
1919321,plana_(blue_archive),plana (blue archive),,2977
1283598,bronya_zaychik,bronya zaychik,,2976
1685269,ceres_fauna,ceres fauna,,2971
1595577,surtr_(arknights),surtr (arknights),,2964
411462,aisaka_taiga,aisaka taiga,,2963
407910,higashikata_josuke,higashikata josuke,,2963
1443053,nakano_miku,nakano miku,,2960
9077,miura_azusa,miura azusa,,2957
1631516,z3_max_schultz_(kancolle),z3 max schultz (kancolle),,2957
1886276,corrin_(female)_(fire_emblem),corrin (female) (fire emblem),,2957
1316036,takami_chika,takami chika,,2950
721694,tatsumaki,tatsumaki,,2948
1630673,fusou_(kancolle),fusou (kancolle),,2946
1631134,kuma_(kancolle),kuma (kancolle),,2943
1852825,iono_(pokemon),iono (pokemon),,2940
1631474,warspite_(kancolle),warspite (kancolle),,2939
663996,jougasaki_rika,jougasaki rika,,2933
1448715,kizuna_akari,kizuna akari,,2932
1593453,fern_(sousou_no_frieren),fern (sousou no frieren),,2930
1622307,hasumi_(blue_archive),hasumi (blue archive),,2930
1435236,oda_nobunaga_(fate),oda nobunaga (fate),,2927
700406,reizei_mako,reizei mako,,2922
16122,nico_robin,nico robin,,2917
1630489,aoba_(kancolle),aoba (kancolle),,2915
1675937,kaedehara_kazuha,kaedehara kazuha,,2906
9074,hagiwara_yukiho,hagiwara yukiho,,2902
1275726,oboro_(kancolle),oboro (kancolle),,2901
1431828,elizabeth_bathory_(fate),elizabeth bathory (fate),,2899
1629409,artoria_pendragon_(lancer)_(fate),artoria pendragon (lancer) (fate),,2898
761961,weiss_schnee,weiss schnee,,2898
8955,luna_child,luna child,,2884
664492,maekawa_miku,maekawa miku,,2884
1515525,mayuzumi_fuyuko,mayuzumi fuyuko,,2883
1631023,i-401_(kancolle),i-401 (kancolle),,2878
1682833,satono_diamond_(umamusume),satono diamond (umamusume),,2877
508752,pyonta,pyonta,,2876
1380244,kumano_(kancolle),kumano (kancolle),,2876
1593304,don-chan_(usada_pekora),don-chan (usada pekora),,2876
1530284,bea_(pokemon),bea (pokemon),,2875
1933159,shirakami_fubuki_(1st_costume),shirakami fubuki (1st costume),,2868
344358,roronoa_zoro,roronoa zoro,,2867
476837,holo,holo,,2853
1262414,izumi_sagiri,izumi sagiri,,2851
406263,satonaka_chie,satonaka chie,,2848
1526515,nessa_(pokemon),nessa (pokemon),,2848
2075923,octoling_player_character,octoling player character,,2838
1440018,illustrious_(azur_lane),illustrious (azur lane),,2837
1435235,nitocris_(fate),nitocris (fate),,2836
1271044,raiden_mei,raiden mei,,2828
758462,kirigiri_kyoko,kirigiri kyoko,,2827
1405055,fennec_(kemono_friends),fennec (kemono friends),,2825
466393,lelouch_vi_britannia,lelouch vi britannia,,2822
1429424,tokitsukaze_(kancolle),tokitsukaze (kancolle),,2821
8954,sunny_milk,sunny milk,,2820
1602944,mudrock_(arknights),mudrock (arknights),,2811
1631239,non-human_admiral_(kancolle),non-human admiral (kancolle),,2804
512930,alice_(alice_in_wonderland),alice (alice in wonderland),,2801
626945,shokuhou_misaki,shokuhou misaki,,2794
1631303,satsuki_(kancolle),satsuki (kancolle),,2791
1246772,mankanshoku_mako,mankanshoku mako,,2786
1627620,kiyohime_(fate),kiyohime (fate),,2781
401823,sonic_the_hedgehog,sonic the hedgehog,,2776
660394,midorikawa_nao,midorikawa nao,,2775
539789,beatrice_(umineko),beatrice (umineko),,2772
1664919,yoimiya_(genshin_impact),yoimiya (genshin impact),,2771
1631194,mogami_(kancolle),mogami (kancolle),,2770
1275732,uzuki_(kancolle),uzuki (kancolle),,2769
1361608,boko_(girls_und_panzer),boko (girls und panzer),,2763
1631010,hyuuga_(kancolle),hyuuga (kancolle),,2760
1630519,ashigara_(kancolle),ashigara (kancolle),,2755
378867,dark_magician_girl,dark magician girl,,2752
1403841,yoshida_yuuko_(machikado_mazoku),yoshida yuuko (machikado mazoku),,2752
1533761,amber_(genshin_impact),amber (genshin impact),,2748
9076,akizuki_ritsuko,akizuki ritsuko,,2740
660393,kise_yayoi,kise yayoi,,2737
527779,han_juri,han juri,,2734
510605,makise_kurisu,makise kurisu,,2733
603070,charlotte_(madoka_magica),charlotte (madoka magica),,2728
1055516,akari_(pokemon),akari (pokemon),,2724
1387675,kamado_nezuko,kamado nezuko,,2721
1682831,kitasan_black_(umamusume),kitasan black (umamusume),,2721
1452342,amamiya_ren,amamiya ren,,2717
1465315,tomoe_gozen_(fate),tomoe gozen (fate),,2717
1631081,kagerou_(kancolle),kagerou (kancolle),,2714
1845992,noa_(blue_archive),noa (blue archive),,2713
1631452,urakaze_(kancolle),urakaze (kancolle),,2704
1628203,midori_(blue_archive),midori (blue archive),,2700
1275731,shiratsuyu_(kancolle),shiratsuyu (kancolle),,2695
1631126,kiyoshimo_(kancolle),kiyoshimo (kancolle),,2695
1682871,kazusa_(blue_archive),kazusa (blue archive),,2684
12405,nagisa_kaworu,nagisa kaworu,,2677
1762231,kirima_syaro,kirima syaro,,2677
466559,kouzuki_kallen,kouzuki kallen,,2672
707204,dizzy_(guilty_gear),dizzy (guilty gear),,2671
1337527,mika_(girls_und_panzer),mika (girls und panzer),,2671
1964868,yamada_ryo,yamada ryo,,2670
1631066,jintsuu_(kancolle),jintsuu (kancolle),,2669
473279,unzan,unzan,,2665
601487,enoshima_junko,enoshima junko,,2658
471219,kousaka_kirino,kousaka kirino,,2657
1672736,twilight_(spy_x_family),twilight (spy x family),,2656
11053,houjou_satoko,houjou satoko,,2655
700933,hayami_kanade,hayami kanade,,2645
1385142,isokaze_(kancolle),isokaze (kancolle),,2629
1602206,qiqi_(genshin_impact),qiqi (genshin impact),,2624
1333601,ram_(re:zero),ram (re:zero),,2621
1631447,unryuu_(kancolle),unryuu (kancolle),,2619
1236625,eren_yeager,eren yeager,,2617
1318502,callie_(splatoon),callie (splatoon),,2609
1630524,atlanta_(kancolle),atlanta (kancolle),,2607
1540881,w_(arknights),w (arknights),,2604
1275717,hatsuyuki_(kancolle),hatsuyuki (kancolle),,2600
1670936,accelerator_(toaru_majutsu_no_index),accelerator (toaru majutsu no index),,2597
1596241,diluc_(genshin_impact),diluc (genshin impact),,2596
1799501,karin_(bunny)_(blue_archive),karin (bunny) (blue archive),,2589
438339,rotom,rotom,,2585
12094,arcueid_brunestud,arcueid brunestud,,2582
499269,miyu_edelfelt,miyu edelfelt,,2577
1667138,wa2000_(girls'_frontline),wa2000 (girls' frontline),,2565
414822,miyafuji_yoshika,miyafuji yoshika,,2564
1646757,special_week_(umamusume),special week (umamusume),,2559
1193071,yuuki_makoto_(persona_3),yuuki makoto (persona 3),,2549
658637,chitanda_eru,chitanda eru,,2548
1398811,kanna_kamui,kanna kamui,,2546
1631385,taigei_(kancolle),taigei (kancolle),,2539
1631174,michishio_(kancolle),michishio (kancolle),,2533
12112,emiya_kiritsugu,emiya kiritsugu,,2532
1378260,lana_(pokemon),lana (pokemon),,2529
414823,erica_hartmann,erica hartmann,,2528
1452975,yorigami_jo'on,yorigami jo'on,依神女苑,2525
1631299,saratoga_(kancolle),saratoga (kancolle),,2518
1464778,nakano_yotsuba,nakano yotsuba,,2515
1630472,akitsu_maru_(kancolle),akitsu maru (kancolle),,2514
1806092,shiroko_(swimsuit)_(blue_archive),shiroko (swimsuit) (blue archive),,2512
438007,kamijou_touma,kamijou touma,,2510
1596439,mutsuki_(blue_archive),mutsuki (blue archive),,2508
717140,hishikawa_rikka,hishikawa rikka,,2506
1366306,rowlet,rowlet,,2493
1467675,symboli_rudolf_(umamusume),symboli rudolf (umamusume),,2493
1440130,laffey_(azur_lane),laffey (azur lane),,2477
670005,yukine_chris,yukine chris,,2471
12297,merlin_prismriver,merlin prismriver,,2465
1630723,hatsuzuki_(kancolle),hatsuzuki (kancolle),,2465
12564,uchiha_sasuke,uchiha sasuke,,2464
1318503,marie_(splatoon),marie (splatoon),,2462
1481047,akai_haato,akai haato,,2459
1702683,diarmuid_ua_duibhne_(lancer)_(fate),diarmuid ua duibhne (lancer) (fate),,2458
439625,kaenbyou_rin_(cat),kaenbyou rin (cat),,2457
10284,asakura_ryouko,asakura ryouko,,2456
1631478,yahagi_(kancolle),yahagi (kancolle),,2454
1449263,nia_(xenoblade),nia (xenoblade),,2449
1627610,katsushika_hokusai_(fate),katsushika hokusai (fate),,2448
1589924,simon_(ttgl),simon (ttgl),,2447
554006,tachibana_kanade,tachibana kanade,,2443
4587,shana,shana,,2441
9081,futami_mami,futami mami,,2441
482064,makinami_mari_illustrious,makinami mari illustrious,,2440
660390,aoki_reika,aoki reika,,2440
1630708,harusame_(kancolle),harusame (kancolle),,2440
1432467,morgan_le_fay_(fate),morgan le fay (fate),,2432
1440202,enterprise_(azur_lane),enterprise (azur lane),,2425
557446,ethan_(pokemon),ethan (pokemon),,2422
420872,gertrud_barkhorn,gertrud barkhorn,,2417
1598223,kayoko_(blue_archive),kayoko (blue archive),,2416
1440020,takao_(azur_lane),takao (azur lane),,2415
1701171,march_7th_(honkai:_star_rail),march 7th (honkai: star rail),,2412
1399517,tippy_(gochiusa),tippy (gochiusa),,2407
12298,lyrica_prismriver,lyrica prismriver,,2406
1279297,yura_(kancolle),yura (kancolle),,2404
1719005,hakui_koyori,hakui koyori,,2401
1758613,ui_(blue_archive),ui (blue archive),,2399
1250855,hex_maniac_(pokemon),hex maniac (pokemon),,2390
394317,rosalina,rosalina,,2388
394054,louise_francoise_le_blanc_de_la_valliere,louise francoise le blanc de la valliere,,2383
1674212,irys_(hololive),irys (hololive),,2379
1341257,toga_himiko,toga himiko,,2378
1459161,tsukino_mito,tsukino mito,,2378
1933166,ninomae_ina'nis_(1st_costume),ninomae ina'nis (1st costume),,2365
1933165,watson_amelia_(1st_costume),watson amelia (1st costume),,2364
573907,blue_oak,blue oak,,2357
1634527,arima_kana,arima kana,,2357
1525544,itadori_yuuji,itadori yuuji,,2353
1932888,yuuka_(track)_(blue_archive),yuuka (track) (blue archive),,2353
1620953,hifumi_(blue_archive),hifumi (blue archive),,2349
1311294,gran_(granblue_fantasy),gran (granblue fantasy),,2345
1447375,tamamo_cat_(fate),tamamo cat (fate),,2336
700404,isuzu_hana,isuzu hana,,2334
1432299,matara_okina,matara okina,,2332
1817174,inkling_boy,inkling boy,,2331
1630695,haguro_(kancolle),haguro (kancolle),,2329
1255756,t-head_admiral,t-head admiral,,2325
1544632,mostima_(arknights),mostima (arknights),,2324
1631206,mutsuki_(kancolle),mutsuki (kancolle),,2321
1440110,akagi_(azur_lane),akagi (azur lane),,2312
436994,sakurai_momoka,sakurai momoka,,2300
409162,senjougahara_hitagi,senjougahara hitagi,,2298
454513,hanekawa_tsubasa,hanekawa tsubasa,,2298
395970,ranka_lee,ranka lee,,2293
1483850,napoleon_bonaparte_(fate),napoleon bonaparte (fate),,2290
549180,kashiwazaki_sena,kashiwazaki sena,,2289
1267920,re-class_battleship,re-class battleship,,2289
1549045,tsunomaki_watame,tsunomaki watame,,2288
1631440,u-511_(kancolle),u-511 (kancolle),,2286
385134,ushiromiya_battler,ushiromiya battler,,2284
615289,hilbert_(pokemon),hilbert (pokemon),,2281
1814848,takodachi_(ninomae_ina'nis),takodachi (ninomae ina'nis),,2281
1257126,p-head_producer,p-head producer,,2279
99,shinku,shinku,,2278
772426,ohtsuki_yui,ohtsuki yui,,2278
1287911,hino_akane_(smile_precure!),hino akane (smile precure!),,2274
1624414,neru_(blue_archive),neru (blue archive),,2274
1234829,yang_xiao_long,yang xiao long,,2272
1316167,kurosawa_dia,kurosawa dia,,2271
1316169,matsuura_kanan,matsuura kanan,,2270
386434,piplup,piplup,,2260
1630477,akizuki_(kancolle),akizuki (kancolle),,2251
403861,kyonko,kyonko,,2250
1586177,omaru_polka,omaru polka,,2242
1667140,ump9_(girls'_frontline),ump9 (girls' frontline),,2239
1765430,jeanne_d'arc_alter_(swimsuit_berserker)_(fate),jeanne d'arc alter (swimsuit berserker) (fate),,2239
1931043,stelle_(honkai:_star_rail),stelle (honkai: star rail),,2234
1384409,akamatsu_kaede,akamatsu kaede,,2224
1631032,i-8_(kancolle),i-8 (kancolle),,2223
1440070,kaga_(azur_lane),kaga (azur lane),,2222
1630210,abukuma_(kancolle),abukuma (kancolle),,2217
615600,toshinou_kyouko,toshinou kyouko,,2216
1631433,tone_(kancolle),tone (kancolle),,2214
1402355,kagari_atsuko,kagari atsuko,,2206
1631333,shikinami_(kancolle),shikinami (kancolle),,2202
445847,charizard,charizard,,2197
1860581,wanderer_(genshin_impact),wanderer (genshin impact),,2194
1250847,junketsu,junketsu,,2190
598066,houjou_hibiki,houjou hibiki,,2189
1623528,dodoco_(genshin_impact),dodoco (genshin impact),,2186
1252196,akuma_homura,akuma homura,,2185
1933160,inugami_korone_(1st_costume),inugami korone (1st costume),,2185
1719006,kazama_iroha,kazama iroha,,2183
4906,lum,lum,,2182
1789597,asakura_toru,asakura toru,,2182
1933144,sakamata_chloe_(1st_costume),sakamata chloe (1st costume),,2178
9080,futami_ami,futami ami,,2176
666034,akagi_miria,akagi miria,,2175
853361,bb_(fate/extra),bb (fate/extra),,2174
1388692,touhoku_kiritan,touhoku kiritan,,2174
1786496,artoria_caster_(fate),artoria caster (fate),,2173
1631090,kamikaze_(kancolle),kamikaze (kancolle),,2170
1467925,vodka_(umamusume),vodka (umamusume),,2170
1631116,kisaragi_(kancolle),kisaragi (kancolle),,2168
1467838,oguri_cap_(umamusume),oguri cap (umamusume),,2168
1183449,nonna_(girls_und_panzer),nonna (girls und panzer),,2167
1602199,ningguang_(genshin_impact),ningguang (genshin impact),,2166
171918,android_18,android 18,,2164
1316166,kunikida_hanamaru,kunikida hanamaru,,2164
657125,ia_(vocaloid),ia (vocaloid),,2163
662472,takanashi_rikka,takanashi rikka,,2161
1525545,fushiguro_megumi,fushiguro megumi,,2159
1990869,adventurer_(ff11),adventurer (ff11),,2156
1525756,sonia_(pokemon),sonia (pokemon),,2153
1677019,baobhan_sith_(fate),baobhan sith (fate),,2149
476084,saten_ruiko,saten ruiko,,2145
1408667,kochou_shinobu,kochou shinobu,,2145
12106,kousaka_tamaki,kousaka tamaki,,2144
717136,aida_mana,aida mana,,2143
1680379,mash_kyrielight_(dangerous_beast),mash kyrielight (dangerous beast),,2132
416172,kujikawa_rise,kujikawa rise,,2131
1631265,pola_(kancolle),pola (kancolle),,2125
1631188,miyuki_(kancolle),miyuki (kancolle),,2123
1488442,bb_(swimsuit_mooncancer)_(fate),bb (swimsuit mooncancer) (fate),,2122
1459170,hachimiya_meguru,hachimiya meguru,,2119
553633,lyra_(pokemon),lyra (pokemon),,2117
1467626,anastasia_(fate),anastasia (fate),,2115
1682888,saori_(blue_archive),saori (blue archive),,2114
1533460,lysithea_von_ordelia,lysithea von ordelia,,2106
591906,panty_(psg),panty (psg),,2103
1630675,gambier_bay_(kancolle),gambier bay (kancolle),,2103
1251354,phosphophyllite,phosphophyllite,,2099
405240,amagi_yukiko,amagi yukiko,,2098
1627569,fou_(fate),fou (fate),,2092
1533066,hilda_valentine_goneril,hilda valentine goneril,,2090
691541,perrine_h._clostermann,perrine h. clostermann,,2086
713449,morikubo_nono,morikubo nono,,2086
1386288,harukawa_maki,harukawa maki,,2083
1350741,darkness_(konosuba),darkness (konosuba),,2082
599208,charlotte_e._yeager,charlotte e. yeager,,2078
1431862,nero_claudius_(swimsuit_caster)_(fate),nero claudius (swimsuit caster) (fate),,2078
1646767,twin_turbo_(umamusume),twin turbo (umamusume),,2077
16066,raising_heart,raising heart,,2075
426767,ikamusume,ikamusume,,2073
1387121,tamamo_no_mae_(swimsuit_lancer)_(fate),tamamo no mae (swimsuit lancer) (fate),,2071
1670077,springfield_(girls'_frontline),springfield (girls' frontline),,2070
938279,lyn_(fire_emblem),lyn (fire emblem),,2069
530171,kurumi_erika,kurumi erika,,2069
663681,honda_mio,honda mio,,2065
1631046,ise_(kancolle),ise (kancolle),,2060
1378262,mallow_(pokemon),mallow (pokemon),,2057
399582,lucario,lucario,,2054
1584985,nonomi_(blue_archive),nonomi (blue archive),,2052
1827774,sanji_(one_piece),sanji (one piece),,2051
1585360,battleship_princess,battleship princess,,2050
502807,shinki_(touhou),shinki (touhou),神绮,2048
610107,akaza_akari,akaza akari,,2046
1561724,fukumaru_koito,fukumaru koito,,2045
660392,hoshizora_miyuki,hoshizora miyuki,,2043
1534338,kicchou_yachie,kicchou yachie,吉吊八千慧,2042
1610754,yu_mei-ren_(fate),yu mei-ren (fate),,2041
41,suiseiseki,suiseiseki,,2040
1472743,ibaraki_douji_(fate),ibaraki douji (fate),,2038
1644998,mihono_bourbon_(umamusume),mihono bourbon (umamusume),,2036
1227373,sessyoin_kiara,sessyoin kiara,,2032
11050,sonozaki_mion,sonozaki mion,,2031
1631071,jun'you_(kancolle),jun'you (kancolle),,2031
1316168,kurosawa_ruby,kurosawa ruby,,2031
512688,brendan_(pokemon),brendan (pokemon),,2030
1524282,lio_fotia,lio fotia,,2028
1933143,la+_darknesss_(1st_costume),la+ darknesss (1st costume),,2025
1452668,hassan_of_serenity_(fate),hassan of serenity (fate),,2024
543959,sakura_miku,sakura miku,,2023
16082,ryougi_shiki,ryougi shiki,,2018
1747952,miyako_(blue_archive),miyako (blue archive),,2018
1633650,yuzu_(blue_archive),yuzu (blue archive),,2015
565443,shinjou_akane,shinjou akane,,2014
1275722,makigumo_(kancolle),makigumo (kancolle),,2010
1631510,yuugumo_(kancolle),yuugumo (kancolle),,2009
414820,lynette_bishop,lynette bishop,,2008
1631016,i-168_(kancolle),i-168 (kancolle),,2008
1654886,kudamaki_tsukasa,kudamaki tsukasa,,2008
1346647,shinomiya_kaguya,shinomiya kaguya,,2005
1406378,shoebill_(kemono_friends),shoebill (kemono friends),,2005
1533350,morpeko,morpeko,,2002
1630677,gangut_(kancolle),gangut (kancolle),,1998
1551569,nian_(arknights),nian (arknights),,1994
1542542,higashiyama_kobeni,higashiyama kobeni,,1993
1317049,seiran_(touhou),seiran (touhou),清兰,1992
2018110,neptune_(neptunia),neptune (neptunia),,1990
408655,kasane_teto,kasane teto,,1988
1524986,specter_(arknights),specter (arknights),,1988
1586174,momosuzu_nene,momosuzu nene,,1977
1625330,hibiki_(blue_archive),hibiki (blue archive),,1977
664082,miyamoto_frederica,miyamoto frederica,,1976
14180,lilith_aensland,lilith aensland,,1970
1255499,satou_kazuma,satou kazuma,,1965
1406537,shima_rin,shima rin,,1963
1644994,mayano_top_gun_(umamusume),mayano top gun (umamusume),,1959
1248475,jinx_(league_of_legends),jinx (league of legends),,1957
7914,mizuno_ami,mizuno ami,,1954
1631211,nachi_(kancolle),nachi (kancolle),,1954
1534498,meltryllis_(swimsuit_lancer)_(fate),meltryllis (swimsuit lancer) (fate),,1954
1605760,iori_(blue_archive),iori (blue archive),,1948
1630685,gotland_(kancolle),gotland (kancolle),,1944
1629430,mysterious_heroine_xx_(fate),mysterious heroine xx (fate),,1943
1239637,jakuzure_nonon,jakuzure nonon,,1942
1405419,lucky_beast_(kemono_friends),lucky beast (kemono friends),,1941
1292966,asui_tsuyu,asui tsuyu,,1938
1634345,izuna_(blue_archive),izuna (blue archive),,1937
1613891,albedo_(genshin_impact),albedo (genshin impact),,1936
10546,vegeta,vegeta,,1935
1425456,seele_vollerei,seele vollerei,,1935
1596245,kaeya_(genshin_impact),kaeya (genshin impact),,1929
1678981,kujou_sara,kujou sara,,1927
7477,noumi_kudryavka,noumi kudryavka,,1925
1838442,alhaitham_(genshin_impact),alhaitham (genshin impact),,1919
1629435,krista_lenz,krista lenz,,1919
1978894,9s_(nier:automata),9s (nier:automata),,1917
1667145,ak-12_(girls'_frontline),ak-12 (girls' frontline),,1915
1160566,blake_belladonna,blake belladonna,,1914
1517401,lize_helesta,lize helesta,,1913
1239070,akatsuki_kirika,akatsuki kirika,,1911
713731,tedeza_rize,tedeza rize,,1910
384405,irisviel_von_einzbern,irisviel von einzbern,,1909
1317200,endeavor_(boku_no_hero_academia),endeavor (boku no hero academia),,1909
1542251,orange_pekoe_(girls_und_panzer),orange pekoe (girls und panzer),,1908
568921,aegis_(persona),aegis (persona),,1905
1630542,choukai_(kancolle),choukai (kancolle),,1902
1522661,angelina_(arknights),angelina (arknights),,1902
1268743,ujimatsu_chiya,ujimatsu chiya,,1901
7794,aino_minako,aino minako,,1900
467096,leaf_(pokemon),leaf (pokemon),,1898
445901,gengar,gengar,,1896
1387748,katsuki_yuuri,katsuki yuuri,,1890
1631112,kinugasa_(kancolle),kinugasa (kancolle),,1888
596343,mima_(touhou),mima (touhou),魅魔,1883
700409,tsumiki_mikan,tsumiki mikan,,1883
1886280,robin_(female)_(fire_emblem),robin (female) (fire emblem),,1881
1631376,suzutsuki_(kancolle),suzutsuki (kancolle),,1881
1631244,noshiro_(kancolle),noshiro (kancolle),,1880
1629361,ushiwakamaru_(fate),ushiwakamaru (fate),,1878
1693513,elizabeth_bathory_(fate/extra_ccc),elizabeth bathory (fate/extra ccc),,1876
1971293,hanako_(swimsuit)_(blue_archive),hanako (swimsuit) (blue archive),,1874
1440145,javelin_(azur_lane),javelin (azur lane),,1873
1933175,nekomata_okayu_(1st_costume),nekomata okayu (1st costume),,1872
1577501,lisa_(genshin_impact),lisa (genshin impact),,1872
1972134,vita_(nanoha),vita (nanoha),,1871
433649,johnny_joestar,johnny joestar,,1871
1387712,viktor_nikiforov,viktor nikiforov,,1869
1593680,ashiya_douman_(fate),ashiya douman (fate),,1869
567872,n_(pokemon),n (pokemon),,1866
1618002,slime_(genshin_impact),slime (genshin impact),,1866
1631163,maru-yu_(kancolle),maru-yu (kancolle),,1864
1654650,skadi_the_corrupting_heart_(arknights),skadi the corrupting heart (arknights),,1864
1631425,teruzuki_(kancolle),teruzuki (kancolle),,1863
1933211,nanashi_mumei_(1st_costume),nanashi mumei (1st costume),,1861
664359,tachibana_hibiki_(symphogear),tachibana hibiki (symphogear),,1860
1631225,nagatsuki_(kancolle),nagatsuki (kancolle),,1860
1539717,reze_(chainsaw_man),reze (chainsaw man),,1860
383738,vivio,vivio,,1857
1403842,chiyoda_momo,chiyoda momo,,1856
1629420,jeanne_d'arc_alter_santa_lily_(fate),jeanne d'arc alter santa lily (fate),,1852
1408471,camilla_(fire_emblem),camilla (fire emblem),,1851
1657251,elira_pendora,elira pendora,,1840
301250,yae_sakura,yae sakura,,1839
753977,sinon,sinon,,1836
681874,shiomi_syuko,shiomi syuko,,1835
1670933,index_(toaru_majutsu_no_index),index (toaru majutsu no index),,1833
1734277,oda_nobunaga_(koha-ace),oda nobunaga (koha-ace),,1832
1581062,shiomi_kotone,shiomi kotone,,1829
1446811,st._louis_(azur_lane),st. louis (azur lane),,1828
8276,bardiche,bardiche,,1827
1670940,last_order_(toaru_majutsu_no_index),last order (toaru majutsu no index),,1821
601490,monokuma,monokuma,,1821
1631102,katsuragi_(kancolle),katsuragi (kancolle),,1815
1459802,shirase_sakuya,shirase sakuya,,1814
1383241,lusamine_(pokemon),lusamine (pokemon),,1813
716185,nishizumi_shiho,nishizumi shiho,,1810
628777,yuzuriha_inori,yuzuriha inori,,1807
1300728,oumae_kumiko,oumae kumiko,,1805
1441509,andou_(girls_und_panzer),andou (girls und panzer),,1803
1231206,levi_(shingeki_no_kyojin),levi (shingeki no kyojin),,1800
1524993,saria_(arknights),saria (arknights),,1799
1447957,nero_claudius_(bride)_(fate),nero claudius (bride) (fate),,1796
1257062,pepperoni_(girls_und_panzer),pepperoni (girls und panzer),,1796
1275721,kuroshio_(kancolle),kuroshio (kancolle),,1790
382079,takara_miyuki,takara miyuki,,1789
1735921,asashio_kai_ni_(kancolle),asashio kai ni (kancolle),,1783
1643688,azusa_(blue_archive),azusa (blue archive),,1781
717139,kenzaki_makoto,kenzaki makoto,,1778
1631495,yayoi_(kancolle),yayoi (kancolle),,1778
1631402,tama_(kancolle),tama (kancolle),,1776
2007520,houshou_marine_(summer),houshou marine (summer),,1776
1243759,horikawa_raiko,horikawa raiko,,1770
1626315,dusk_(arknights),dusk (arknights),,1768
10146,koizumi_itsuki,koizumi itsuki,,1766
1631373,suzukaze_(kancolle),suzukaze (kancolle),,1766
1675744,selen_tatsuki,selen tatsuki,,1765
1631357,shirayuki_(kancolle),shirayuki (kancolle),,1761
1536889,kanroji_mitsuri,kanroji mitsuri,,1759
1421907,komi_shouko,komi shouko,,1758
361258,ranma-chan,ranma-chan,,1756
1501023,artoria_pendragon_(lancer_alter)_(fate),artoria pendragon (lancer alter) (fate),,1755
399147,yowane_haku,yowane haku,,1753
13036,misumi_nagisa,misumi nagisa,,1752
1186381,arch_bishop_(ragnarok_online),arch bishop (ragnarok online),,1748
1630510,asashimo_(kancolle),asashimo (kancolle),,1748
1266581,ramlethal_valentine,ramlethal valentine,,1747
445833,jessie_(pokemon),jessie (pokemon),,1746
1644982,curren_chan_(umamusume),curren chan (umamusume),,1741
401594,palutena,palutena,,1739
386242,sakata_gintoki,sakata gintoki,,1738
414816,sakamoto_mio,sakamoto mio,,1738
1295749,tracer_(overwatch),tracer (overwatch),,1737
1808100,dan_heng_(honkai:_star_rail),dan heng (honkai: star rail),,1736
663432,kamiya_nao,kamiya nao,,1734
727253,hojo_karen,hojo karen,,1734
1639112,sendai_kai_ni_(kancolle),sendai kai ni (kancolle),,1733
1862390,hiroi_kikuri,hiroi kikuri,,1733
392481,madotsuki,madotsuki,,1732
1644976,admire_vega_(umamusume),admire vega (umamusume),,1730
1560134,morpeko_(full),morpeko (full),,1728
1344590,matsuno_osomatsu,matsuno osomatsu,,1726
1442305,hiro_(darling_in_the_franxx),hiro (darling in the franxx),,1724
1734866,musashi_kai_ni_(kancolle),musashi kai ni (kancolle),,1724
1584593,felicia_(vampire),felicia (vampire),,1722
664313,moroboshi_kirari,moroboshi kirari,,1722
1749629,chouzetsusaikawa_tenshi-chan,chouzetsusaikawa tenshi-chan,,1721
496829,makoto_nanaya,makoto nanaya,,1720
1344591,matsuno_karamatsu,matsuno karamatsu,,1720
1634607,hoshino_ai_(oshi_no_ko),hoshino ai (oshi no ko),,1720
1824247,etna_(disgaea),etna (disgaea),,1719
424944,hanamura_yousuke,hanamura yousuke,,1716
1368824,takamaki_anne,takamaki anne,,1716
1645007,seiun_sky_(umamusume),seiun sky (umamusume),,1716
663460,sasaki_chie,sasaki chie,,1715
1462453,morino_rinze,morino rinze,,1715
529058,hanasaki_tsubomi,hanasaki tsubomi,,1713
1549066,himemori_luna,himemori luna,,1713
8107,bulma,bulma,,1712
1365551,sakura_futaba,sakura futaba,,1710
1493611,kemomimi-chan_(naga_u),kemomimi-chan (naga u),,1710
1423783,eternity_larva,eternity larva,爱塔妮缇拉尔瓦,1709
1292970,yaoyorozu_momo,yaoyorozu momo,,1705
1560614,saren_(princess_connect!),saren (princess connect!),,1705
1344593,matsuno_ichimatsu,matsuno ichimatsu,,1702
1644983,eishin_flash_(umamusume),eishin flash (umamusume),,1702
1344594,matsuno_jyushimatsu,matsuno jyushimatsu,,1701
5036,signum,signum,,1699
445954,bulbasaur,bulbasaur,,1699
1630499,arashio_(kancolle),arashio (kancolle),,1699
1420942,yuuki_setsuna_(love_live!),yuuki setsuna (love live!),,1699
1533840,kurokoma_saki,kurokoma saki,,1699
1682867,iroha_(blue_archive),iroha (blue archive),,1699
1933164,takanashi_kiara_(1st_costume),takanashi kiara (1st costume),,1697
1460817,kuwayama_chiyuki,kuwayama chiyuki,,1696
1554856,hayakawa_aki,hayakawa aki,,1696
657914,tokisaki_kurumi,tokisaki kurumi,,1693
1317067,ringo_(touhou),ringo (touhou),铃瑚,1693
1933161,kiryu_coco_(1st_costume),kiryu coco (1st costume),,1693
488853,kasumi_(doa),kasumi (doa),,1692
674693,skyla_(pokemon),skyla (pokemon),,1692
1316170,ohara_mari,ohara mari,,1692
1627626,leonardo_da_vinci_(fate),leonardo da vinci (fate),,1690
697698,kirigaya_suguha,kirigaya suguha,,1689
1541326,hoshikawa_sara,hoshikawa sara,,1689
1298160,kotonoha_akane,kotonoha akane,,1686
1732422,kasumi_kai_ni_(kancolle),kasumi kai ni (kancolle),,1686
1470527,natori_sana,natori sana,,1686
1409154,tohru_(maidragon),tohru (maidragon),,1684
401222,noel_vermillion,noel vermillion,,1683
1542253,rosehip_(girls_und_panzer),rosehip (girls und panzer),,1680
1933191,shishiro_botan_(1st_costume),shishiro botan (1st costume),,1679
1594464,bloop_(gawr_gura),bloop (gawr gura),,1678
1296572,todoroki_shouto,todoroki shouto,,1677
518079,tiki_(fire_emblem),tiki (fire emblem),,1676
1597302,beidou_(genshin_impact),beidou (genshin impact),,1676
1665751,t-head_trainer,t-head trainer,,1676
15221,hanyuu,hanyuu,,1675
1412756,theresa_apocalypse,theresa apocalypse,,1675
432714,trafalgar_law,trafalgar law,,1673
375109,midna,midna,,1672
1417247,japanese_crested_ibis_(kemono_friends),japanese crested ibis (kemono friends),,1670
1410565,fujiwara_chika,fujiwara chika,,1668
510496,ryu_(street_fighter),ryu (street fighter),,1667
606667,kirino_ranmaru,kirino ranmaru,,1667
1654887,iizunamaru_megumu,iizunamaru megumu,,1667
386311,otonashi_kotori,otonashi kotori,,1666
1303014,producer_(idolmaster_cinderella_girls_anime),producer (idolmaster cinderella girls anime),,1665
396068,watatsuki_no_yorihime,watatsuki no yorihime,绵月依姬,1661
1419028,komano_aunn,komano aunn,高丽野阿吽,1661
436223,nanasaki_ai,nanasaki ai,,1657
1581646,noelle_(genshin_impact),noelle (genshin impact),,1656
1630529,ayanami_(kancolle),ayanami (kancolle),,1655
8151,hino_rei,hino rei,,1653
423669,saber_lily,saber lily,,1651
658795,mimura_kanako,mimura kanako,,1651
1525780,rotom_phone,rotom phone,,1651
1630445,agano_(kancolle),agano (kancolle),,1648
1641844,yanfei_(genshin_impact),yanfei (genshin impact),,1647
1493508,princess_king_boo,princess king boo,,1642
1645011,tamamo_cross_(umamusume),tamamo cross (umamusume),,1640
1627148,koyanskaya_(fate),koyanskaya (fate),,1639
712088,leafa,leafa,,1638
593284,naegi_makoto,naegi makoto,,1638
593802,minamino_kanade,minamino kanade,,1638
42,souseiseki,souseiseki,,1637
1447804,oshida_(girls_und_panzer),oshida (girls und panzer),,1635
8586,chibi_usa,chibi usa,,1634
1407560,kizuna_ai,kizuna ai,,1634
1459804,tsukioka_kogane,tsukioka kogane,,1634
707037,hoshi_syoko,hoshi syoko,,1633
1644990,king_halo_(umamusume),king halo (umamusume),,1633
1886287,byleth_(male)_(fire_emblem),byleth (male) (fire emblem),,1632
1829691,juliana_(pokemon),juliana (pokemon),,1632
378207,matou_kariya,matou kariya,,1631
1407467,northern_white-faced_owl_(kemono_friends),northern white-faced owl (kemono friends),,1631
1492381,shiina_yuika,shiina yuika,,1631
432816,kishibe_rohan,kishibe rohan,,1629
1933189,yukihana_lamy_(1st_costume),yukihana lamy (1st costume),,1629
354943,edward_elric,edward elric,,1628
1631054,isuzu_(kancolle),isuzu (kancolle),,1627
1933156,hoshimachi_suisei_(1st_costume),hoshimachi suisei (1st costume),,1627
1719012,takane_lui,takane lui,,1625
1534779,artoria_pendragon_(swimsuit_ruler)_(fate),artoria pendragon (swimsuit ruler) (fate),,1623
403378,yuffie_kisaragi,yuffie kisaragi,,1620
11427,kasugano_sakura,kasugano sakura,,1620
727697,sylveon,sylveon,,1619
1667329,oberon_(fate),oberon (fate),,1619
1572074,lucifer_(helltaker),lucifer (helltaker),,1618
1407816,silver_fox_(kemono_friends),silver fox (kemono friends),,1615
1806087,hoshino_(swimsuit)_(blue_archive),hoshino (swimsuit) (blue archive),,1615
1793083,silver_wolf_(honkai:_star_rail),silver wolf (honkai: star rail),,1615
1810157,tighnari_(genshin_impact),tighnari (genshin impact),,1615
1525687,blue_poison_(arknights),blue poison (arknights),,1612
1467946,haru_urara_(umamusume),haru urara (umamusume),,1608
1528228,le_malin_(azur_lane),le malin (azur lane),,1602
1375862,mimikyu,mimikyu,,1601
1825474,ichika_(blue_archive),ichika (blue archive),,1601
425768,umbreon,umbreon,,1599
1273262,rensouhou-kun,rensouhou-kun,,1599
674691,elesa_(pokemon),elesa (pokemon),,1598
1631208,myoukou_(kancolle),myoukou (kancolle),,1598
1631141,libeccio_(kancolle),libeccio (kancolle),,1596
1338854,mei_(overwatch),mei (overwatch),,1595
1446812,honolulu_(azur_lane),honolulu (azur lane),,1590
1631408,tashkent_(kancolle),tashkent (kancolle),,1590
1561956,bremerton_(scorching-hot_training)_(azur_lane),bremerton (scorching-hot training) (azur lane),,1590
2018066,noire_(neptunia),noire (neptunia),,1589
466260,terra_branford,terra branford,,1587
7559,luigi,luigi,,1585
2018038,purple_heart_(neptunia),purple heart (neptunia),,1585
1245442,i-class_destroyer,i-class destroyer,,1582
1295790,widowmaker_(overwatch),widowmaker (overwatch),,1582
1631062,jervis_(kancolle),jervis (kancolle),,1582
1525577,hoshiguma_(arknights),hoshiguma (arknights),,1578
1762182,ranni_the_witch,ranni the witch,,1578
1629640,martha_(fate),martha (fate),,1576
1248309,sendai_hakurei_no_miko,sendai hakurei no miko,,1572
427708,ushiromiya_ange,ushiromiya ange,,1569
1933172,uruha_rushia_(1st_costume),uruha rushia (1st costume),,1568
404724,kagura_(gintama),kagura (gintama),,1567
1682834,matikane_tannhauser_(umamusume),matikane tannhauser (umamusume),,1564
1513845,scorbunny,scorbunny,,1563
1630653,fletcher_(kancolle),fletcher (kancolle),,1562
1527621,marianne_von_edmund,marianne von edmund,,1562
1508231,sunazuka_akira,sunazuka akira,,1559
425771,glaceon,glaceon,,1557
1382909,kawakaze_(kancolle),kawakaze (kancolle),,1557
592111,oshawott,oshawott,,1556
1344592,matsuno_choromatsu,matsuno choromatsu,,1556
1440177,z23_(azur_lane),z23 (azur lane),,1552
1667154,an-94_(girls'_frontline),an-94 (girls' frontline),,1552
1667148,m4a1_(girls'_frontline),m4a1 (girls' frontline),,1551
8545,kamio_misuzu,kamio misuzu,,1550
1933183,minato_aqua_(1st_costume),minato aqua (1st costume),,1550
1630671,furutaka_(kancolle),furutaka (kancolle),,1549
595668,hatsune_miku_(append),hatsune miku (append),,1548
1631161,mamiya_(kancolle),mamiya (kancolle),,1547
1675004,elysia_(honkai_impact),elysia (honkai impact),,1547
1712705,adachi_rei,adachi rei,,1546
1629414,artoria_pendragon_(alter_swimsuit_rider)_(fate),artoria pendragon (alter swimsuit rider) (fate),,1546
547415,funami_yui,funami yui,,1544
1462526,higuchi_kaede,higuchi kaede,,1544
1631052,isonami_(kancolle),isonami (kancolle),,1543
1667163,commander_(girls'_frontline),commander (girls' frontline),,1543
1253671,gamagoori_ira,gamagoori ira,,1543
1676220,peroro_(blue_archive),peroro (blue archive),,1542
374467,princess_daisy,princess daisy,,1539
56878,fujibayashi_kyou,fujibayashi kyou,,1538
1496188,yuzuki_choco,yuzuki choco,,1538
8152,kino_makoto,kino makoto,,1536
470503,konjiki_no_yami,konjiki no yami,,1535
695285,sakuma_mayu,sakuma mayu,,1533
1405975,grey_wolf_(kemono_friends),grey wolf (kemono friends),,1532
1627803,yang_guifei_(fate),yang guifei (fate),,1532
1515526,serizawa_asahi,serizawa asahi,,1529
1627248,shun_(blue_archive),shun (blue archive),,1529
1409820,ezo_red_fox_(kemono_friends),ezo red fox (kemono friends),,1528
1644977,agnes_digital_(umamusume),agnes digital (umamusume),,1526
1627695,marie_antoinette_(fate),marie antoinette (fate),,1525
1627756,scathach_skadi_(fate),scathach skadi (fate),,1525
1846970,rebecca_(cyberpunk),rebecca (cyberpunk),,1525
479648,hirasawa_ui,hirasawa ui,,1524
1789592,osaki_amana,osaki amana,,1524
1526355,wattson_(apex_legends),wattson (apex legends),,1523
11051,sonozaki_shion,sonozaki shion,,1520
1304225,mikazuki_munechika,mikazuki munechika,,1520
126661,furukawa_nagisa,furukawa nagisa,,1519
1517393,inui_toko,inui toko,,1519
658638,oreki_houtarou,oreki houtarou,,1518
1307612,nishi_kinuyo,nishi kinuyo,,1518
384100,natsume_rin,natsume rin,,1516
1932879,hibiki_(cheer_squad)_(blue_archive),hibiki (cheer squad) (blue archive),,1516
970886,roll_(mega_man),roll (mega man),,1515
606875,little_red_riding_hood_(grimm),little red riding hood (grimm),,1515
1865424,rika_(pokemon),rika (pokemon),,1514
1644970,grass_wonder_(umamusume),grass wonder (umamusume),,1514
54495,jean_pierre_polnareff,jean pierre polnareff,,1511
1544952,piers_(pokemon),piers (pokemon),,1510
474547,uiharu_kazari,uiharu kazari,,1509
1420690,hikawa_sayo,hikawa sayo,,1509
1525557,nanami_kento,nanami kento,,1509
1533833,haniyasushin_keiki,haniyasushin keiki,埴安神袿姬,1507
414819,francesca_lucchini,francesca lucchini,,1506
1631100,katori_(kancolle),katori (kancolle),,1506
418600,kamui_gakupo,kamui gakupo,,1505
1639094,murakumo_kai_ni_(kancolle),murakumo kai ni (kancolle),,1504
1677021,melusine_(fate),melusine (fate),,1504
544077,kris_(pokemon),kris (pokemon),,1503
1535146,schwarz_(arknights),schwarz (arknights),,1500
423040,amy_rose,amy rose,,1497
657793,cure_peace,cure peace,,1497
722867,ymir_(shingeki_no_kyojin),ymir (shingeki no kyojin),,1495
1433946,marina_(splatoon),marina (splatoon),,1495
12208,shihouin_yoruichi,shihouin yoruichi,,1493
1644973,narita_brian_(umamusume),narita brian (umamusume),,1492
1611363,kureiji_ollie,kureiji ollie,,1491
1360561,natsuki_subaru,natsuki subaru,,1490
1303947,kashuu_kiyomitsu,kashuu kiyomitsu,,1489
4908,kero,kero,,1488
2003712,tokoyami_towa_(jirai_kei),tokoyami towa (jirai kei),,1488
1972686,fuwawa_abyssgard,fuwawa abyssgard,,1488
13037,yukishiro_honoka,yukishiro honoka,,1486
1531714,baltimore_(azur_lane),baltimore (azur lane),,1485
1588986,abigail_williams_(swimsuit_foreigner)_(fate),abigail williams (swimsuit foreigner) (fate),,1485
1517396,ange_katrina,ange katrina,,1483
1344595,matsuno_todomatsu,matsuno todomatsu,,1480
1445023,hikawa_hina,hikawa hina,,1480
1757557,jeanne_d'arc_alter_(ver._shinjuku_1999)_(fate),jeanne d'arc alter (ver. shinjuku 1999) (fate),,1479
1495228,konno_junko,konno junko,,1478
382240,nekomusume,nekomusume,,1477
1298161,kotonoha_aoi,kotonoha aoi,,1475
1972687,mococo_abyssgard,mococo abyssgard,,1472
424220,silver_(pokemon),silver (pokemon),,1471
1933148,tokoyami_towa_(1st_costume),tokoyami towa (1st costume),,1471
437685,bayonetta,bayonetta,,1470
1627580,helena_blavatsky_(fate),helena blavatsky (fate),,1469
10082,sephiroth,sephiroth,,1468
1374966,kamado_tanjirou,kamado tanjirou,,1468
1630559,enemy_aircraft_(kancolle),enemy aircraft (kancolle),,1467
542683,sonya_(kill_me_baby),sonya (kill me baby),,1466
1667146,g11_(girls'_frontline),g11 (girls' frontline),,1464
2008086,osakabehime_(fate),osakabehime (fate),,1464
1630726,hayashimo_(kancolle),hayashimo (kancolle),,1463
1443455,igarashi_futaba_(shiromanta),igarashi futaba (shiromanta),,1462
12207,inoue_orihime,inoue orihime,,1461
1503277,makaino_ririmu,makaino ririmu,,1461
445832,james_(pokemon),james (pokemon),,1459
1575935,nagatoro_hayase,nagatoro hayase,,1459
902082,tateyama_ayano,tateyama ayano,,1458
1499780,jeanne_d'arc_(swimsuit_archer)_(fate),jeanne d'arc (swimsuit archer) (fate),,1458
1257906,elsa_(frozen),elsa (frozen),,1454
1243753,tsukumo_benben,tsukumo benben,,1452
446937,reiuji_utsuho_(bird),reiuji utsuho (bird),,1451
1667152,m4_sopmod_ii_(girls'_frontline),m4 sopmod ii (girls' frontline),,1450
1462508,tokino_sora,tokino sora,,1449
466937,higashi_setsuna,higashi setsuna,,1447
428744,yuri_lowell,yuri lowell,,1445
1593360,bibi_(tokoyami_towa),bibi (tokoyami towa),,1444
445414,bianca_(pokemon),bianca (pokemon),,1442
1589993,chongyun_(genshin_impact),chongyun (genshin impact),,1442
12210,kuchiki_rukia,kuchiki rukia,,1439
1829230,octoling_girl,octoling girl,,1439
7449,daidouji_tomoyo,daidouji tomoyo,,1438
181219,kirijou_mitsuru,kirijou mitsuru,,1438
550010,tsukikage_yuri,tsukikage yuri,,1438
1688526,kokona_(blue_archive),kokona (blue archive),,1438
1288044,popuko,popuko,,1435
1724523,irida_(pokemon),irida (pokemon),,1434
1768187,saki_(blue_archive),saki (blue archive),,1434
1438046,android_21,android 21,,1433
935913,alice_margatroid_(pc-98),alice margatroid (pc-98),,1432
1462223,hatoba_tsugu,hatoba tsugu,,1432
1551542,dido_(azur_lane),dido (azur lane),,1432
1492855,hawks_(boku_no_hero_academia),hawks (boku no hero academia),,1431
1377502,tamura_yuri,tamura yuri,,1430
387299,prisma_illya,prisma illya,,1429
717606,yukinoshita_yukino,yukinoshita yukino,,1428
1514982,elio_(pokemon),elio (pokemon),,1427
1768632,mysterious_heroine_x_alter_(fate),mysterious heroine x alter (fate),,1426
1827083,yoru_(chainsaw_man),yoru (chainsaw man),,1426
1349628,fubuki_(one-punch_man),fubuki (one-punch man),,1423
1556681,rex_(xenoblade),rex (xenoblade),,1421
445840,jigglypuff,jigglypuff,,1420
1630503,ark_royal_(kancolle),ark royal (kancolle),,1420
428824,bruno_bucciarati,bruno bucciarati,,1419
1464773,nakano_itsuki,nakano itsuki,,1419
1886282,robin_(male)_(fire_emblem),robin (male) (fire emblem),,1418
1630643,etorofu_(kancolle),etorofu (kancolle),,1412
1518710,hisakawa_hayate,hisakawa hayate,,1412
439343,ragna_the_bloodedge,ragna the bloodedge,,1411
1706706,toutetsu_yuuma,toutetsu yuuma,饕餮尤魔,1411
1589994,xingqiu_(genshin_impact),xingqiu (genshin impact),,1410
1512399,wraith_(apex_legends),wraith (apex legends),,1409
101524,bowser,bowser,,1407
1667157,m16a1_(girls'_frontline),m16a1 (girls' frontline),,1407
1462454,sonoda_chiyoko,sonoda chiyoko,,1407
1619061,jumpy_dumpty,jumpy dumpty,,1407
1258989,failure_penguin,failure penguin,,1406
1441567,monika_(doki_doki_literature_club),monika (doki doki literature club),,1406
1533372,miyamoto_musashi_(swimsuit_berserker)_(fate),miyamoto musashi (swimsuit berserker) (fate),,1405
1589926,kamina_(ttgl),kamina (ttgl),,1404
1522439,niwatari_kutaka,niwatari kutaka,庭渡久侘歌,1404
1684743,mr._c.b._(umamusume),mr. c.b. (umamusume),,1402
592340,snivy,snivy,,1401
1667150,st_ar-15_(girls'_frontline),st ar-15 (girls' frontline),,1398
1631092,kamoi_(kancolle),kamoi (kancolle),,1398
1436229,uehara_ayumu,uehara ayumu,,1398
1304908,yamato-no-kami_yasusada,yamato-no-kami yasusada,,1396
1525546,kugisaki_nobara,kugisaki nobara,,1396
610092,yoshikawa_chinatsu,yoshikawa chinatsu,,1395
602082,charlotte_dunois,charlotte dunois,,1395
1571821,modeus_(helltaker),modeus (helltaker),,1395
1462457,komiya_kaho,komiya kaho,,1393
1677017,barghest_(fate),barghest (fate),,1392
663499,totoki_airi,totoki airi,,1390
1386217,umikaze_(kancolle),umikaze (kancolle),,1387
1657252,pomu_rainpuff,pomu rainpuff,,1387
419122,tatsumi_kanji,tatsumi kanji,,1386
1630693,hagikaze_(kancolle),hagikaze (kancolle),,1385
1432308,nishida_satono,nishida satono,,1385
1468121,nakano_ichika,nakano ichika,,1385
816414,joseph_joestar_(old),joseph joestar (old),,1384
1258306,ninomiya_asuka,ninomiya asuka,,1383
1513846,sobble,sobble,,1383
1753908,goldenglow_(arknights),goldenglow (arknights),,1381
1435315,oyama_mihari,oyama mihari,,1377
2039817,minato_aqua_(sailor),minato aqua (sailor),,1376
1685273,tsukumo_sana,tsukumo sana,,1376
16268,son_gohan,son gohan,,1373
445848,squirtle,squirtle,,1372
1631145,little_boy_admiral_(kancolle),little boy admiral (kancolle),,1371
416940,su-san,su-san,,1370
714995,yuno_(hidamari_sketch),yuno (hidamari sketch),,1370
1525770,hop_(pokemon),hop (pokemon),,1370
1713162,cyno_(genshin_impact),cyno (genshin impact),,1368
411080,lopunny,lopunny,,1367
1407454,atalanta_(fate),atalanta (fate),,1366
396219,tokiko_(touhou),tokiko (touhou),,1364
1972683,nerissa_ravencroft,nerissa ravencroft,,1364
487228,sengoku_nadeko,sengoku nadeko,,1363
1406536,kagamihara_nadeshiko,kagamihara nadeshiko,,1362
1522707,siege_(arknights),siege (arknights),,1362
1841705,kaveh_(genshin_impact),kaveh (genshin impact),,1362
464857,sailor_mercury,sailor mercury,,1361
520787,elin,elin,,1361
430852,hachikuji_mayoi,hachikuji mayoi,,1360
1607938,getou_suguru,getou suguru,,1360
617637,oomuro_sakurako,oomuro sakurako,,1358
1630544,colorado_(kancolle),colorado (kancolle),,1357
1479089,okita_souji_alter_(fate),okita souji alter (fate),,1356
1644965,air_groove_(umamusume),air groove (umamusume),,1356
12091,tohno_akiha,tohno akiha,,1355
1222667,ike_(fire_emblem),ike (fire emblem),,1355
677075,reiner_braun,reiner braun,,1355
1631358,shouhou_(kancolle),shouhou (kancolle),,1355
513774,shantae,shantae,,1354
1933157,sakura_miko_(1st_costume),sakura miko (1st costume),,1354
2018082,blanc_(neptunia),blanc (neptunia),,1349
1518711,hisakawa_nagi,hisakawa nagi,,1349
1292974,ashido_mina,ashido mina,,1348
1307567,cagliostro_(granblue_fantasy),cagliostro (granblue fantasy),,1348
1498626,rita_rossweisse,rita rossweisse,,1346
1432310,teireida_mai,teireida mai,,1343
445933,vaporeon,vaporeon,,1342
547150,myoudouin_itsuki,myoudouin itsuki,,1340
709319,yuigahama_yui,yuigahama yui,,1340
710980,kadotani_anzu,kadotani anzu,,1340
1584984,serika_(blue_archive),serika (blue archive),,1339
1631270,richelieu_(kancolle),richelieu (kancolle),,1338
1631260,oyashio_(kancolle),oyashio (kancolle),,1336
1993491,shiroko_terror_(blue_archive),shiroko terror (blue archive),,1336
389156,frederica_bernkastel,frederica bernkastel,,1335
1567159,shinonome_ena,shinonome ena,,1330
1332548,chi-chi_(dragon_ball),chi-chi (dragon ball),,1329
475559,araragi_koyomi,araragi koyomi,,1329
1511279,murasaki_shikibu_(fate),murasaki shikibu (fate),,1329
1459806,tanaka_mamimi,tanaka mamimi,,1328
1304230,tsurumaru_kuninaga,tsurumaru kuninaga,,1327
1451890,kaguya_luna,kaguya luna,,1327
1690906,kamisato_ayato,kamisato ayato,,1327
1226975,diana_cavendish,diana cavendish,,1326
1534340,joutouguu_mayumi,joutouguu mayumi,杖刀偶磨弓,1326
653217,nepgear,nepgear,,1325
1300741,kousaka_reina,kousaka reina,,1324
405776,riesz,riesz,,1323
421660,tsunade_(naruto),tsunade (naruto),,1323
1630497,arashi_(kancolle),arashi (kancolle),,1323
1567162,tenma_tsukasa,tenma tsukasa,,1323
746341,tharja_(fire_emblem),tharja (fire emblem),,1318
451173,haramura_nodoka,haramura nodoka,,1317
12258,katsuragi_misato,katsuragi misato,,1316
1181678,boo_(mario),boo (mario),,1316
1779349,kanna_(blue_archive),kanna (blue archive),,1316
1383156,gladion_(pokemon),gladion (pokemon),,1314
1932884,hasumi_(track)_(blue_archive),hasumi (track) (blue archive),,1314
1649113,gilles_de_rais_(caster)_(fate),gilles de rais (caster) (fate),,1313
1530489,eyjafjalla_(arknights),eyjafjalla (arknights),,1312
12518,leona_heidern,leona heidern,,1311
1459172,sakuragi_mano,sakuragi mano,,1311
1630505,asagumo_(kancolle),asagumo (kancolle),,1310
1392841,altera_(fate),altera (fate),,1310
1341419,anila_(granblue_fantasy),anila (granblue fantasy),,1309
1368823,niijima_makoto,niijima makoto,,1309
1630636,enemy_lifebuoy_(kancolle),enemy lifebuoy (kancolle),,1308
9090,mizunashi_akari,mizunashi akari,,1307
622669,alisa_ilinichina_amiella,alisa ilinichina amiella,,1306
1291135,elphelt_valentine,elphelt valentine,,1305
489852,akizuki_ryo,akizuki ryo,,1303
734427,sona_(league_of_legends),sona (league of legends),,1302
1399519,tamaki_iroha,tamaki iroha,,1300
1932889,mari_(track)_(blue_archive),mari (track) (blue archive),,1300
1627780,tokitarou_(fate),tokitarou (fate),,1299
575975,iris_(pokemon),iris (pokemon),,1298
596939,akali,akali,,1298
1544888,victor_(pokemon),victor (pokemon),,1298
1528128,himeno_(chainsaw_man),himeno (chainsaw man),,1298
596093,caren_hortensia,caren hortensia,,1297
1799502,shun_(small)_(blue_archive),shun (small) (blue archive),,1297
542685,oribe_yasuna,oribe yasuna,,1296
587823,tsurumaki_maki,tsurumaki maki,,1296
601379,takagi-san,takagi-san,,1296
1933141,hakui_koyori_(1st_costume),hakui koyori (1st costume),,1296
1407495,eurasian_eagle_owl_(kemono_friends),eurasian eagle owl (kemono friends),,1295
1589614,pochita_(chainsaw_man),pochita (chainsaw man),,1295
599168,hourai_doll,hourai doll,,1293
1639053,fubuki_kai_ni_(kancolle),fubuki kai ni (kancolle),,1293
664000,ichihara_nina,ichihara nina,,1291
1579913,yamato_(one_piece),yamato (one piece),,1291
672515,abe_nana,abe nana,,1288
421683,angel_(kof),angel (kof),,1287
644430,rias_gremory,rias gremory,,1287
558421,high_priest_(ragnarok_online),high priest (ragnarok online),,1286
681655,oikawa_shizuku,oikawa shizuku,,1286
1899592,pod_(nier:automata),pod (nier:automata),,1285
1567158,asahina_mafuyu,asahina mafuyu,,1285
1705709,irene_(arknights),irene (arknights),,1284
1420943,tennouji_rina,tennouji rina,,1282
1318793,zeta_(granblue_fantasy),zeta (granblue fantasy),,1281
1780213,hina_(swimsuit)_(blue_archive),hina (swimsuit) (blue archive),,1279
555,haro,haro,,1278
433648,gyro_zeppeli,gyro zeppeli,,1277
532518,cure_marine,cure marine,,1276
1631154,maikaze_(kancolle),maikaze (kancolle),,1275
1386434,momota_kaito,momota kaito,,1274
1611841,haruna_(blue_archive),haruna (blue archive),,1272
1671729,sirius_symboli_(umamusume),sirius symboli (umamusume),,1272
1631255,ooshio_(kancolle),ooshio (kancolle),,1271
6177,moogle,moogle,,1269
1542249,assam_(girls_und_panzer),assam (girls und panzer),,1269
893075,suou_momoko,suou momoko,,1269
1414917,alpaca_suri_(kemono_friends),alpaca suri (kemono friends),,1269
1442807,marie_(girls_und_panzer),marie (girls und panzer),,1269
1937492,tsukino_mito_(1st_costume),tsukino mito (1st costume),,1268
425767,espeon,espeon,,1266
437588,kuma_(persona_4),kuma (persona 4),,1266
533537,ciel_(tsukihime),ciel (tsukihime),,1265
1644991,matikanefukukitaru_(umamusume),matikanefukukitaru (umamusume),,1264
422389,cyndaquil,cyndaquil,,1263
1631068,johnston_(kancolle),johnston (kancolle),,1263
11052,maebara_keiichi,maebara keiichi,,1262
1814893,magical_mirai_miku,magical mirai miku,,1262
1567149,ootori_emu,ootori emu,,1259
464855,sailor_venus,sailor venus,,1257
445845,charmander,charmander,,1256
1299395,amanogawa_kirara,amanogawa kirara,,1256
1814441,arlecchino_(genshin_impact),arlecchino (genshin impact),,1254
1477331,osaki_tenka,osaki tenka,,1252
1594449,kashino_(azur_lane),kashino (azur lane),,1252
554323,may_(guilty_gear),may (guilty gear),,1250
421102,minna-dietlinde_wilcke,minna-dietlinde wilcke,,1250
618147,honma_meiko,honma meiko,,1250
1459180,kazano_hiori,kazano hiori,,1250
1696728,rydia_(ff4),rydia (ff4),,1249
1447775,katou_asuka,katou asuka,,1248
1520852,hozuki_momiji,hozuki momiji,,1248
1282191,hoshino_fumina,hoshino fumina,,1247
1481030,caenis_(fate),caenis (fate),,1247
1972693,shiori_novella,shiori novella,,1247
1472521,medea_(fate),medea (fate),,1246
1305388,namazuo_toushirou,namazuo toushirou,,1245
2060124,marcille_donato,marcille donato,,1245
1682879,seia_(blue_archive),seia (blue archive),,1245
1406070,jaguar_(kemono_friends),jaguar (kemono friends),,1240
459048,momozono_love,momozono love,,1238
633741,furutani_himawari,furutani himawari,,1238
713156,hoshimiya_ichigo,hoshimiya ichigo,,1238
1842585,alear_(fire_emblem),alear (fire emblem),,1237
597205,silica,silica,,1236
1627521,boudica_(fate),boudica (fate),,1235
1645008,smart_falcon_(umamusume),smart falcon (umamusume),,1235
1810886,dehya_(genshin_impact),dehya (genshin impact),,1234
566644,blaze_the_cat,blaze the cat,,1233
1933147,murasaki_shion_(1st_costume),murasaki shion (1st costume),,1232
7459,white_mage,white mage,,1231
501746,shadow_the_hedgehog,shadow the hedgehog,,1231
464856,sailor_mars,sailor mars,,1230
1232066,armin_arlert,armin arlert,,1230
1462463,arisugawa_natsuha,arisugawa natsuha,,1228
1567160,akiyama_mizuki,akiyama mizuki,,1227
1349627,saitama_(one-punch_man),saitama (one-punch man),,1226
1292110,shidare_hotaru,shidare hotaru,,1226
1654888,tenkyuu_chimata,tenkyuu chimata,天弓千亦,1226
1631536,hilichurl_(genshin_impact),hilichurl (genshin impact),,1224
445831,green_(pokemon),green (pokemon),,1219
1603873,mountain_(arknights),mountain (arknights),,1218
1402193,nanachi_(made_in_abyss),nanachi (made in abyss),,1217
1514243,shigure_ui_(vtuber),shigure ui (vtuber),,1217
1564800,moona_hoshinova,moona hoshinova,,1217
544078,lucas_(pokemon),lucas (pokemon),,1216
1305386,honebami_toushirou,honebami toushirou,,1216
1125853,enkidu_(fate),enkidu (fate),,1215
618301,ivan_karelin,ivan karelin,,1215
1933142,kazama_iroha_(1st_costume),kazama iroha (1st costume),,1215
1594283,shinano_(azur_lane),shinano (azur lane),,1214
1622926,akane_(blue_archive),akane (blue archive),,1214
1761329,sprigatito,sprigatito,,1214
1644995,meisho_doto_(umamusume),meisho doto (umamusume),,1214
533539,kohaku_(tsukihime),kohaku (tsukihime),,1212
1536880,zara_(azur_lane),zara (azur lane),,1209
8760,kusanagi_motoko,kusanagi motoko,,1208
564326,nakamura_yuri,nakamura yuri,,1208
1631180,mikuma_(kancolle),mikuma (kancolle),,1208
1856034,backbeako,backbeako,,1206
1571010,takasaki_yuu,takasaki yuu,,1206
1333583,kozakura_marry,kozakura marry,,1205
1617664,rosaria_(genshin_impact),rosaria (genshin impact),,1204
1561721,ichikawa_hinana,ichikawa hinana,,1203
1233044,yuuki_haru,yuuki haru,,1202
1288043,pipimi,pipimi,,1202
1303946,midare_toushirou,midare toushirou,,1201
1533343,bede_(pokemon),bede (pokemon),,1201
1560602,kyouka_(princess_connect!),kyouka (princess connect!),,1201
528478,sabrina_(pokemon),sabrina (pokemon),,1200
1630717,hatsushimo_(kancolle),hatsushimo (kancolle),,1199
1436151,uzaki_hana,uzaki hana,,1199
1515913,reines_el-melloi_archisorte,reines el-melloi archisorte,,1198
375278,tohsaka_tokiomi,tohsaka tokiomi,,1197
1572402,xiangling_(genshin_impact),xiangling (genshin impact),,1197
1624311,nagi_(kannagi),nagi (kannagi),,1196
1401930,nemoto_hina,nemoto hina,,1196
1538944,sussurro_(arknights),sussurro (arknights),,1195
1630538,chitose_(kancolle),chitose (kancolle),,1192
1631019,i-26_(kancolle),i-26 (kancolle),,1192
1541815,rabbit_yukine,rabbit yukine,,1191
1933109,amane_kanata_(1st_costume),amane kanata (1st costume),,1191
425769,leafeon,leafeon,,1190
1405299,emperor_penguin_(kemono_friends),emperor penguin (kemono friends),,1190
1682889,wakamo_(blue_archive),wakamo (blue archive),,1190
402795,meowth,meowth,,1189
1391739,karna_(fate),karna (fate),,1189
1631518,zara_(kancolle),zara (kancolle),,1189
1239071,tsukuyomi_shirabe,tsukuyomi shirabe,,1188
1496142,minamoto_sakura,minamoto sakura,,1188
375868,kururugi_suzaku,kururugi suzaku,,1187
1277829,sento_isuzu,sento isuzu,,1187
1639062,haruna_kai_ni_(kancolle),haruna kai ni (kancolle),,1187
1334050,frisk_(undertale),frisk (undertale),,1185
1431995,minamoto_no_raikou_(swimsuit_lancer)_(fate),minamoto no raikou (swimsuit lancer) (fate),,1184
1487055,sasaki_saku,sasaki saku,,1184
712140,kawashima_momo,kawashima momo,,1183
1229728,kitazawa_shiho,kitazawa shiho,,1183
1247199,braixen,braixen,,1183
176593,takeba_yukari,takeba yukari,,1182
1242334,ta-class_battleship,ta-class battleship,,1181
1600783,ryoumen_sukuna_(jujutsu_kaisen),ryoumen sukuna (jujutsu kaisen),,1180
1886373,sora_harewataru,sora harewataru,,1179
10145,tsuruya,tsuruya,,1178
420502,guido_mista,guido mista,,1178
1630667,fumizuki_(kancolle),fumizuki (kancolle),,1177
745262,celestia_ludenberg,celestia ludenberg,,1174
1625351,eimi_(blue_archive),eimi (blue archive),,1173
528716,yui_(angel_beats!),yui (angel beats!),,1170
7566,kamikita_komari,kamikita komari,,1169
485033,sora_(kingdom_hearts),sora (kingdom hearts),,1167
1055501,micaiah_(fire_emblem),micaiah (fire emblem),,1167
1630715,hatsukaze_(kancolle),hatsukaze (kancolle),,1167
1305416,saniwa_(touken_ranbu),saniwa (touken ranbu),,1167
1495229,mizuno_ai,mizuno ai,,1167
1630536,chikuma_(kancolle),chikuma (kancolle),,1165
1667213,m200_(girls'_frontline),m200 (girls' frontline),,1165
1242336,ru-class_battleship,ru-class battleship,,1163
1246940,matoba_risa,matoba risa,,1163
1732814,kongou_kai_ni_(kancolle),kongou kai ni (kancolle),,1163
1522347,suzuhara_lulu,suzuhara lulu,,1163
396070,watatsuki_no_toyohime,watatsuki no toyohime,绵月丰姬,1162
1638054,fu_hua_(herrscher_of_sentience),fu hua (herrscher of sentience),,1162
1644984,fine_motion_(umamusume),fine motion (umamusume),,1162
1607439,arjuna_(fate),arjuna (fate),,1161
1631106,kazagumo_(kancolle),kazagumo (kancolle),,1161
1548047,vikala_(granblue_fantasy),vikala (granblue fantasy),,1160
1440644,inuyama_aoi,inuyama aoi,,1159
1630728,hayasui_(kancolle),hayasui (kancolle),,1158
1714815,himari_(blue_archive),himari (blue archive),,1157
1799880,nemona_(pokemon),nemona (pokemon),,1157
1971284,koharu_(swimsuit)_(blue_archive),koharu (swimsuit) (blue archive),,1156
1629448,passionlip_(fate),passionlip (fate),,1155
1440247,yamashiro_(azur_lane),yamashiro (azur lane),,1155
1781047,artoria_pendragon_(alter_swimsuit_rider)_(second_ascension)_(fate),artoria pendragon (alter swimsuit rider) (second ascension) (fate),,1155
1452674,frankenstein's_monster_(fate),frankenstein's monster (fate),,1154
1631088,kako_(kancolle),kako (kancolle),,1154
1962844,neuvillette_(genshin_impact),neuvillette (genshin impact),,1154
12212,kurosaki_ichigo,kurosaki ichigo,,1153
1448421,pearl_(splatoon),pearl (splatoon),,1153
1933196,ouro_kronii_(1st_costume),ouro kronii (1st costume),,1152
6000,baiken,baiken,,1151
394620,yuuki_mikan,yuuki mikan,,1150
592339,tepig,tepig,,1150
1760945,kuki_shinobu,kuki shinobu,,1149
688842,leon_s._kennedy,leon s. kennedy,,1147
1362417,elaina_(majo_no_tabitabi),elaina (majo no tabitabi),,1147
1527167,azura_(fire_emblem),azura (fire emblem),,1146
8305,tomoe_hotaru,tomoe hotaru,,1144
701392,mioda_ibuki,mioda ibuki,,1140
1629357,medb_(fate),medb (fate),,1139
1366296,popplio,popplio,,1138
1806082,nonomi_(swimsuit)_(blue_archive),nonomi (swimsuit) (blue archive),,1138
661692,dante_(devil_may_cry),dante (devil may cry),,1137
87514,cure_black,cure black,,1136
1489783,carpaccio_(girls_und_panzer),carpaccio (girls und panzer),,1135
466365,mega_man_(character),mega man (character),,1132
1292965,jirou_kyouka,jirou kyouka,,1132
1631246,nowaki_(kancolle),nowaki (kancolle),,1132
1660217,lucoa_(maidragon),lucoa (maidragon),,1132
1932167,caelus_(honkai:_star_rail),caelus (honkai: star rail),,1131
1629366,xuangzang_sanzang_(fate),xuangzang sanzang (fate),,1130
1513843,grookey,grookey,,1128
1645009,super_creek_(umamusume),super creek (umamusume),,1128
1644996,mejiro_dober_(umamusume),mejiro dober (umamusume),,1125
8896,backbeard,backbeard,,1124
472786,america_(hetalia),america (hetalia),,1123
1645001,narita_taishin_(umamusume),narita taishin (umamusume),,1123
1589903,yin_(darker_than_black),yin (darker than black),,1122
1631147,littorio_(kancolle),littorio (kancolle),,1122
1598866,sucrose_(genshin_impact),sucrose (genshin impact),,1121
438329,torchic,torchic,,1120
379900,squall_leonhart,squall leonhart,,1120
12213,matsumoto_rangiku,matsumoto rangiku,,1118
1334378,albedo_(overlord),albedo (overlord),,1118
1646463,gwen_(league_of_legends),gwen (league of legends),,1117
15312,millia_rage,millia rage,,1116
1572599,rosmontis_(arknights),rosmontis (arknights),,1116
502557,nu-13,nu-13,,1114
1846972,lucy_(cyberpunk),lucy (cyberpunk),,1113
630836,huang_baoling,huang baoling,,1112
1606545,diona_(genshin_impact),diona (genshin impact),,1111
1684742,t.m._opera_o_(umamusume),t.m. opera o (umamusume),,1111
1230568,isabelle_(animal_crossing),isabelle (animal crossing),,1110
1573025,isekai_joucho,isekai joucho,,1110
461046,killua_zoldyck,killua zoldyck,,1108
378066,chris_redfield,chris redfield,,1108
601489,maizono_sayaka,maizono sayaka,,1108
1631192,mochizuki_(kancolle),mochizuki (kancolle),,1108
1631437,tsushima_(kancolle),tsushima (kancolle),,1108
717859,nate_(pokemon),nate (pokemon),,1108
1295903,pharah_(overwatch),pharah (overwatch),,1107
1906527,kieran_(pokemon),kieran (pokemon),,1107
1304228,izumi-no-kami_kanesada,izumi-no-kami kanesada,,1105
1551455,silence_(arknights),silence (arknights),,1105
550750,cure_sunshine,cure sunshine,,1104
1627153,medjed_(fate),medjed (fate),,1104
1720788,lynette_(genshin_impact),lynette (genshin impact),,1104
654355,kazanari_tsubasa,kazanari tsubasa,,1103
1478568,merlin_(fate),merlin (fate),,1103
1926018,luo_xiaohei,luo xiaohei,,1102
1611905,hoshino_ruby,hoshino ruby,,1102
715313,marth_(fire_emblem),marth (fire emblem),,1101
711467,kamukura_izuru,kamukura izuru,,1101
1319288,yoroizuka_mizore,yoroizuka mizore,,1101
1343724,miyamizu_mitsuha,miyamizu mitsuha,,1101
1280966,kaneki_ken,kaneki ken,,1099
1500657,hayasaka_ai,hayasaka ai,,1098
1557434,ceobe_(arknights),ceobe (arknights),,1098
1281721,slaine_troyard,slaine troyard,,1095
1631396,takanami_(kancolle),takanami (kancolle),,1095
435392,boa_hancock,boa hancock,,1093
597292,fujisaki_chihiro,fujisaki chihiro,,1093
1978848,a2_(nier:automata),a2 (nier:automata),,1093
503437,eve_(elsword),eve (elsword),,1092
423518,berserker_(fate/zero),berserker (fate/zero),,1090
657796,cure_beauty,cure beauty,,1089
628333,yumi_(senran_kagura),yumi (senran kagura),,1089
1509864,prinz_eugen_(unfading_smile)_(azur_lane),prinz eugen (unfading smile) (azur lane),,1089
1447393,alina_gray,alina gray,,1089
1797173,hyakumantenbara_salome,hyakumantenbara salome,,1089
1246632,monomi_(danganronpa),monomi (danganronpa),,1088
1572071,justice_(helltaker),justice (helltaker),,1086
1799499,neru_(bunny)_(blue_archive),neru (bunny) (blue archive),,1085
1631040,intrepid_(kancolle),intrepid (kancolle),,1084
1292136,raphtalia,raphtalia,,1083
1829693,florian_(pokemon),florian (pokemon),,1083
532519,cure_blossom,cure blossom,,1082
1552816,blaze_(arknights),blaze (arknights),,1082
1591636,goh_(pokemon),goh (pokemon),,1082
1177793,katou_megumi,katou megumi,,1079
743241,racing_miku,racing miku,,1077
1657250,finana_ryugu,finana ryugu,,1077
15840,kos-mos,kos-mos,,1076
596161,steven_stone,steven stone,,1076
1524996,ifrit_(arknights),ifrit (arknights),,1075
1515527,izumi_mei,izumi mei,,1075
705643,ib_(ib),ib (ib),,1073
1316824,spider-gwen,spider-gwen,,1073
464858,sailor_jupiter,sailor jupiter,,1072
14569,jill_valentine,jill valentine,,1072
428743,estellise_sidos_heurassein,estellise sidos heurassein,,1072
1252365,calem_(pokemon),calem (pokemon),,1071
1387115,scathach_(swimsuit_assassin)_(fate),scathach (swimsuit assassin) (fate),,1069
1519338,nursery_rhyme_(fate),nursery rhyme (fate),,1068
1241962,kishinami_hakuno_(female),kishinami hakuno (female),,1067
1591011,nia_(blade)_(xenoblade),nia (blade) (xenoblade),,1067
664409,sajo_yukimi,sajo yukimi,,1064
1243761,tsukumo_yatsuhashi,tsukumo yatsuhashi,,1064
416695,uryuu_ryuunosuke,uryuu ryuunosuke,,1062
1412049,mitake_ran,mitake ran,,1062
1525261,platinum_(arknights),platinum (arknights),,1062
1840092,anis_(nikke),anis (nikke),,1062
7583,fukuzawa_yumi,fukuzawa yumi,,1061
186196,winry_rockbell,winry rockbell,,1061
1155353,kars_(jojo),kars (jojo),,1060
445935,flareon,flareon,,1060
1403111,sucy_manbavaran,sucy manbavaran,,1060
1229730,makabe_mizuki,makabe mizuki,,1059
1455448,nagato_(azur_lane),nagato (azur lane),,1059
1533061,bernadetta_von_varley,bernadetta von varley,,1059
1579977,cheshire_(azur_lane),cheshire (azur lane),,1059
376498,zidane_tribal,zidane tribal,,1058
436529,toon_link,toon link,,1058
664191,tada_riina,tada riina,,1058
1634596,hoshino_aquamarine,hoshino aquamarine,,1058
1350177,violet_evergarden,violet evergarden,,1056
1531303,swire_(arknights),swire (arknights),,1056
1447950,nearl_(arknights),nearl (arknights),,1053
422393,jirachi,jirachi,,1052
628623,sorceress_(dragon's_crown),sorceress (dragon's crown),,1052
1420954,nakasu_kasumi,nakasu kasumi,,1051
9687,kula_diamond,kula diamond,,1049
587354,lux_(league_of_legends),lux (league of legends),,1049
1631276,roma_(kancolle),roma (kancolle),,1049
439063,rachel_alucard,rachel alucard,,1048
701163,kisaragi_shintarou,kisaragi shintarou,,1048
1423942,eris_greyrat,eris greyrat,,1048
437349,garchomp,garchomp,,1045
1341416,ferry_(granblue_fantasy),ferry (granblue fantasy),,1045
1344209,roxy_migurdia,roxy migurdia,,1045
1534941,claude_von_riegan,claude von riegan,,1045
1722586,abigail_williams_(traveling_outfit)_(fate),abigail williams (traveling outfit) (fate),,1045
464824,hinaichigo,hinaichigo,,1044
526169,trunks_(dragon_ball),trunks (dragon ball),,1042
1766156,astolfo_(sailor_paladin)_(fate),astolfo (sailor paladin) (fate),,1042
1366290,okumura_haru,okumura haru,,1040
382261,subaru_nakajima,subaru nakajima,,1039
1631530,collei_(genshin_impact),collei (genshin impact),,1039
1645715,zero_(mega_man),zero (mega man),,1038
1933137,nakiri_ayame_(1st_costume),nakiri ayame (1st costume),,1038
1443456,takeda_harumi_(shiromanta),takeda harumi (shiromanta),,1037
1285741,suzukaze_aoba,suzukaze aoba,,1036
1667166,ro635_(girls'_frontline),ro635 (girls' frontline),,1036
1790620,clumsy_nun_(diva),clumsy nun (diva),,1036
1646030,daitaku_helios_(umamusume),daitaku helios (umamusume),,1036
402521,meta_knight,meta knight,,1035
12099,komaki_manaka,komaki manaka,,1034
1583984,kino_(kino_no_tabi),kino (kino no tabi),,1034
1314604,sakurajima_mai,sakurajima mai,,1034
1241333,sanageyama_uzu,sanageyama uzu,,1032
1533059,dorothea_arnault,dorothea arnault,,1031
436841,raven_(dc),raven (dc),,1029
1733431,murasame_kai_ni_(kancolle),murasame kai ni (kancolle),,1029
13066,okazaki_yumemi,okazaki yumemi,,1028
567695,cheren_(pokemon),cheren (pokemon),,1027
1318266,clarisse_(granblue_fantasy),clarisse (granblue fantasy),,1027
1479891,rimuru_tempest,rimuru tempest,,1027
1631064,jingei_(kancolle),jingei (kancolle),,1027
1304904,horikawa_kunihiro,horikawa kunihiro,,1025
378317,garnet_til_alexandros_xvii,garnet til alexandros xvii,,1024
605171,kujou_karen,kujou karen,,1024
1351075,yunyun_(konosuba),yunyun (konosuba),,1024
1627618,king_hassan_(fate),king hassan (fate),,1023
1606513,len_(tsukihime),len (tsukihime),,1022
474262,slime_(dragon_quest),slime (dragon quest),,1020
385133,ushiromiya_maria,ushiromiya maria,,1020
1645010,sweep_tosho_(umamusume),sweep tosho (umamusume),,1020
981832,guts_(berserk),guts (berserk),,1019
1410354,purah,purah,,1019
1925037,protagonist_3_(housamo),protagonist 3 (housamo),,1019
1593833,crewmate_(among_us),crewmate (among us),,1019
1684882,florence_nightingale_(trick_or_treatment)_(fate),florence nightingale (trick or treatment) (fate),,1018
1524346,pramanix_(arknights),pramanix (arknights),,1018
1631480,yamagumo_(kancolle),yamagumo (kancolle),,1017
378846,tenjouin_asuka,tenjouin asuka,,1015
429524,mudkip,mudkip,,1015
1506004,amagi_(azur_lane),amagi (azur lane),,1015
717654,kiriya_aoi,kiriya aoi,,1014
1630474,akitsushima_(kancolle),akitsushima (kancolle),,1014
1566087,yoisaki_kanade,yoisaki kanade,,1014
1827586,blade_(honkai:_star_rail),blade (honkai: star rail),,1014
1537880,dimitri_alexandre_blaiddyd,dimitri alexandre blaiddyd,,1013
354942,alphonse_elric,alphonse elric,,1012
716728,kitashirakawa_tamako,kitashirakawa tamako,,1012
1432652,jack-o'_valentine,jack-o' valentine,,1012
252261,godzilla,godzilla,,1012
657791,cure_happy,cure happy,,1010
480039,manabe_nodoka,manabe nodoka,,1009
713607,sawa_azusa,sawa azusa,,1009
539676,taneshima_popura,taneshima popura,,1008
1340376,murata_himeko,murata himeko,,1008
1442307,ichigo_(darling_in_the_franxx),ichigo (darling in the franxx),,1007
1660762,new_jersey_(azur_lane),new jersey (azur lane),,1007
383404,ibuki_fuuko,ibuki fuuko,,1006
376441,arle_nadja,arle nadja,,1006
431436,momo_velia_deviluke,momo velia deviluke,,1006
628849,yuuki_(sao),yuuki (sao),,1006
1489740,aki_rosenthal,aki rosenthal,,1006
472784,japan_(hetalia),japan (hetalia),,1005
1459805,yukoku_kiriko,yukoku kiriko,,1005
1611382,pavolia_reine,pavolia reine,,1005
1701951,arataki_itto,arataki itto,,1005
461883,chikorita,chikorita,,1004
487246,araragi_karen,araragi karen,,1004
1600590,haruka_(blue_archive),haruka (blue archive),,1004
423041,rouge_the_bat,rouge the bat,,1003
1496206,kuzuha_(nijisanji),kuzuha (nijisanji),,1003
1754603,mio_(xenoblade),mio (xenoblade),,1003
657794,cure_march,cure march,,1001
664614,ryuzaki_kaoru,ryuzaki kaoru,,1001
1275005,ousaka_shizuku,ousaka shizuku,,1001
1783064,miyamoto_musashi_(swimsuit_berserker)_(second_ascension)_(fate),miyamoto musashi (swimsuit berserker) (second ascension) (fate),,1001
594282,cure_melody,cure melody,,1000
688703,miia_(monster_musume),miia (monster musume),,999
1560517,utage_(arknights),utage (arknights),,998
1323324,yuna_(ff10),yuna (ff10),,994
1404598,ilulu_(maidragon),ilulu (maidragon),,994
1479271,rengoku_kyoujurou,rengoku kyoujurou,,994
1706188,ame-chan_(needy_girl_overdose),ame-chan (needy girl overdose),,994
286,kooh,kooh,,993
439615,misaka_imouto,misaka imouto,,993
691588,pit_(kid_icarus),pit (kid icarus),,993
534615,tails_(sonic),tails (sonic),,993
12095,aozaki_aoko,aozaki aoko,,992
1257905,shirayuki_hime,shirayuki hime,,992
1767936,cu_chulainn_alter_(fate),cu chulainn alter (fate),,992
717540,yotsuba_alice,yotsuba alice,,991
1933174,shirogane_noel_(1st_costume),shirogane noel (1st costume),,991
1567150,kusanagi_nene,kusanagi nene,,989
1783170,meltryllis_(swimsuit_lancer)_(first_ascension)_(fate),meltryllis (swimsuit lancer) (first ascension) (fate),,988
1967582,justice_task_force_member_(blue_archive),justice task force member (blue archive),,988
1569872,yuuki_(princess_connect!),yuuki (princess connect!),,987
2026878,ishmael_(project_moon),ishmael (project moon),,987
12093,tohno_shiki,tohno shiki,,986
1554751,damian_desmond,damian desmond,,986
1567152,kamishiro_rui,kamishiro rui,,986
533538,hisui_(tsukihime),hisui (tsukihime),,985
482492,tendou_akane,tendou akane,,985
420074,izayoi_aki,izayoi aki,,985
2026769,employee_(project_moon),employee (project moon),,985
381743,yumehara_nozomi,yumehara nozomi,,984
1515002,aisha_landar,aisha landar,,984
1387746,yuri_plisetsky,yuri plisetsky,,984
1405056,lion_(kemono_friends),lion (kemono friends),,983
1560591,yui_(princess_connect!),yui (princess connect!),,983
1285682,iroha_(samurai_spirits),iroha (samurai spirits),,982
1627134,euryale_(fate),euryale (fate),,981
1254335,marie_rose,marie rose,,980
1435684,merlin_(fate/prototype),merlin (fate/prototype),,979
676594,lulu_(league_of_legends),lulu (league of legends),,978
1222099,nanao_yuriko,nanao yuriko,,976
1290263,danua,danua,,976
1631002,hornet_(kancolle),hornet (kancolle),,975
1319289,kasaki_nozomi,kasaki nozomi,,973
1456824,nekomusume_(gegege_no_kitarou_6),nekomusume (gegege no kitarou 6),,972
1629433,annie_leonhart,annie leonhart,,972
50896,pichu,pichu,,971
438937,spider-man,spider-man,,970
1571004,shibuya_kanon,shibuya kanon,,970
1303902,miss_cloud,miss cloud,,969
665521,ogata_chieri,ogata chieri,,968
1572068,cerberus_(helltaker),cerberus (helltaker),,968
1700488,enna_alouette,enna alouette,,968
420577,shampoo_(ranma_1/2),shampoo (ranma 1/2),,967
472787,united_kingdom_(hetalia),united kingdom (hetalia),,967
663434,kohinata_miho,kohinata miho,,967
401814,saotome_alto,saotome alto,,966
662826,himejima_akeno,himejima akeno,,966
1762549,mordred_(memories_at_trifas)_(fate),mordred (memories at trifas) (fate),,966
1472931,y'shtola_rhul,y'shtola rhul,,965
1566256,captain_(kemono_friends),captain (kemono friends),,964
1243506,magical_ruby,magical ruby,,963
655527,kayneth_el-melloi_archibald,kayneth el-melloi archibald,,963
664381,mukai_takumi,mukai takumi,,963
1311289,lyria_(granblue_fantasy),lyria (granblue fantasy),,963
1955327,miyako_(swimsuit)_(blue_archive),miyako (swimsuit) (blue archive),,963
397841,ganondorf,ganondorf,,962
1630481,amagi_(kancolle),amagi (kancolle),,962
1792537,zabaniyya_(housamo),zabaniyya (housamo),,962
1246021,momoe_nagisa,momoe nagisa,,961
557902,priest_(ragnarok_online),priest (ragnarok online),,959
520564,lucy_heartfilia,lucy heartfilia,,959
428825,narancia_ghirga,narancia ghirga,,958
444532,maka_albarn,maka albarn,,958
618134,karina_lyle,karina lyle,,958
1631297,samuel_b._roberts_(kancolle),samuel b. roberts (kancolle),,957
1665128,gorou_(genshin_impact),gorou (genshin impact),,957
1473353,arthur_pendragon_(fate),arthur pendragon (fate),,956
1373495,airfield_princess,airfield princess,,955
610702,oktavia_von_seckendorff,oktavia von seckendorff,,954
1704666,natsu_(blue_archive),natsu (blue archive),,954
1754602,eunie_(xenoblade),eunie (xenoblade),,954
87516,cure_white,cure white,,952
11488,sol_badguy,sol badguy,,952
508153,okabe_rintarou,okabe rintarou,,952
877404,yokoyama_nao,yokoyama nao,,952
399324,vash_the_stampede,vash the stampede,,951
376579,katsura_hinagiku,katsura hinagiku,,951
1594498,alice_zuberg,alice zuberg,,951
1630548,commandant_teste_(kancolle),commandant teste (kancolle),,951
1461094,shizuka_rin,shizuka rin,,951
1478614,wakan_tanka,wakan tanka,,951
1476820,yozora_mel,yozora mel,,951
536053,ghost_(modern_warfare_2),ghost (modern warfare 2),,950
1345441,asahina_mirai,asahina mirai,,950
1933128,tsunomaki_watame_(1st_costume),tsunomaki watame (1st costume),,949
1572332,helltaker_(character),helltaker (character),,949
712653,kondou_taeko,kondou taeko,,948
1407120,humboldt_penguin_(kemono_friends),humboldt penguin (kemono friends),,948
1545097,cinderace,cinderace,,948
7587,toudou_shimako,toudou shimako,,947
456946,assassin_(fate/zero),assassin (fate/zero),,947
465401,ten'ou_haruka,ten'ou haruka,,946
16210,lenna_charlotte_tycoon,lenna charlotte tycoon,,946
1672682,type_95_(girls'_frontline),type 95 (girls' frontline),,946
1544890,allister_(pokemon),allister (pokemon),,945
1626859,tsubaki_(blue_archive),tsubaki (blue archive),,945
616166,caitlyn_(league_of_legends),caitlyn (league of legends),,944
1676518,thoma_(genshin_impact),thoma (genshin impact),,943
1600181,ness_(mother_2),ness (mother 2),,941
416104,eva_02,eva 02,,941
850878,gwen_stacy,gwen stacy,,941
425936,doujima_nanako,doujima nanako,,940
1631110,kinu_(kancolle),kinu (kancolle),,940
1631290,sagiri_(kancolle),sagiri (kancolle),,940
1597904,shishio_chris,shishio chris,,940
396114,lei_lei,lei lei,,939
1337528,aki_(girls_und_panzer),aki (girls und panzer),,939
1408885,dhole_(kemono_friends),dhole (kemono friends),,939
1672711,suomi_(girls'_frontline),suomi (girls' frontline),,938
1439979,graf_zeppelin_(azur_lane),graf zeppelin (azur lane),,938
1644979,air_shakur_(umamusume),air shakur (umamusume),,937
384609,tony_tony_chopper,tony tony chopper,,935
1272916,kageyama_shigeo,kageyama shigeo,,935
1886278,corrin_(male)_(fire_emblem),corrin (male) (fire emblem),,935
1631288,sado_(kancolle),sado (kancolle),,935
1769566,moe_(blue_archive),moe (blue archive),,935
16119,star_platinum,star platinum,,934
536735,yuuki_juudai,yuuki juudai,,934
503373,furudo_erika,furudo erika,,934
1444059,hammann_(azur_lane),hammann (azur lane),,934
466281,phoenix_wright,phoenix wright,,933
1240487,yusa_kozue,yusa kozue,,933
1886303,alear_(female)_(fire_emblem),alear (female) (fire emblem),,933
471218,aragaki_ayase,aragaki ayase,,932
615130,anjou_naruko,anjou naruko,,932
672299,oshino_ougi,oshino ougi,,932
1344498,vane_(granblue_fantasy),vane (granblue fantasy),,932
2061496,sakura_miko_(casual),sakura miko (casual),,931
1815153,mitaka_asa,mitaka asa,,931
1335159,sugimoto_saichi,sugimoto saichi,,929
1367142,litten,litten,,929
1597903,ryugasaki_rene,ryugasaki rene,,928
1530334,yorumi_rena,yorumi rena,,927
1592675,bianca_(dq5),bianca (dq5),,926
254440,kirlia,kirlia,,926
471221,kousaka_kyousuke,kousaka kyousuke,,926
547417,sugiura_ayano,sugiura ayano,,926
1835548,reisa_(blue_archive),reisa (blue archive),,926
1955322,miyu_(swimsuit)_(blue_archive),miyu (swimsuit) (blue archive),,926
487224,kanbaru_suruga,kanbaru suruga,,925
1630493,aquila_(kancolle),aquila (kancolle),,924
1480638,nadia_la_arwall,nadia la arwall,,923
388724,lala_satalin_deviluke,lala satalin deviluke,,923
434747,kira_yoshikage,kira yoshikage,,923
1235294,kurokawa_eren,kurokawa eren,,922
1443093,zundamon,zundamon,,922
1631590,basil_(omori),basil (omori),,922
1670429,aegir_(azur_lane),aegir (azur lane),,922
473288,sister_claire,sister claire,,921
1439987,cleveland_(azur_lane),cleveland (azur lane),,920
1587911,tomimi_(arknights),tomimi (arknights),,920
16208,faris_scherwiz,faris scherwiz,,919
1688938,vira_(granblue_fantasy),vira (granblue fantasy),,919
1369698,hau_(pokemon),hau (pokemon),,919
1931557,ookami_mio_(3rd_costume),ookami mio (3rd costume),,919
1727047,crystalfly_(genshin_impact),crystalfly (genshin impact),,918
701389,sonia_nevermind,sonia nevermind,,917
1275716,hatsuharu_(kancolle),hatsuharu (kancolle),,917
4858,chocobo,chocobo,,916
606666,shindou_takuto,shindou takuto,,916
1631170,matsuwa_(kancolle),matsuwa (kancolle),,916
1578300,taihou_(enraptured_companion)_(azur_lane),taihou (enraptured companion) (azur lane),,916
1505470,galo_thymos,galo thymos,,915
717909,vi_(league_of_legends),vi (league of legends),,914
14685,kazama_asuka,kazama asuka,,913
620348,keith_goodman,keith goodman,,912
1875916,tiki_(adult)_(fire_emblem),tiki (adult) (fire emblem),,912
1654873,himemushi_momoyo,himemushi momoyo,姬虫百百世,912
1263716,kiss-shot_acerola-orion_heart-under-blade,kiss-shot acerola-orion heart-under-blade,,911
1257904,aino_megumi,aino megumi,,909
1538828,ingrid_brandl_galatea,ingrid brandl galatea,,908
654784,lord_el-melloi_ii,lord el-melloi ii,,907
1327418,maria_cadenzavna_eve,maria cadenzavna eve,,907
1790618,froggy_nun_(diva),froggy nun (diva),,907
1279056,revy_(black_lagoon),revy (black lagoon),,906
1304226,hotarumaru,hotarumaru,,906
1823213,arven_(pokemon),arven (pokemon),,906
1310847,hunter_(bloodborne),hunter (bloodborne),,905
1386133,ogata_hyakunosuke,ogata hyakunosuke,,905
1572164,luma_(mario),luma (mario),,904
411757,roy_(fire_emblem),roy (fire emblem),,903
664518,kobayakawa_sae,kobayakawa sae,,903
1270627,jouga_maya,jouga maya,,903
1526525,jill_stingray,jill stingray,,903
890228,alisa_(girls_und_panzer),alisa (girls und panzer),,902
1412894,tsurumaki_kokoro,tsurumaki kokoro,,902
1627523,bradamante_(fate),bradamante (fate),,901
1610738,island_fox_(kemono_friends),island fox (kemono friends),,901
1478519,cu_chulainn_(caster)_(fate),cu chulainn (caster) (fate),,899
1650598,mejiro_ardan_(umamusume),mejiro ardan (umamusume),,899
597426,eirika_(fire_emblem),eirika (fire emblem),,898
1933111,natsuiro_matsuri_(1st_costume),natsuiro matsuri (1st costume),,898
1763570,malenia_blade_of_miquella,malenia blade of miquella,,898
1671353,tarnished_(elden_ring),tarnished (elden ring),,898
1678878,la_pluma_(arknights),la pluma (arknights),,898
1468152,roboco-san,roboco-san,,898
1637361,pyra_(pro_swimmer)_(xenoblade),pyra (pro swimmer) (xenoblade),,897
1630540,chiyoda_(kancolle),chiyoda (kancolle),,896
1307315,konoe_kanata,konoe kanata,,896
1929197,aris_(maid)_(blue_archive),aris (maid) (blue archive),,896
1631178,mikazuki_(kancolle),mikazuki (kancolle),,895
1386435,yumeno_himiko,yumeno himiko,,895
1934875,amami_rantaro,amami rantaro,,894
1439994,akashi_(azur_lane),akashi (azur lane),,894
1780229,iori_(swimsuit)_(blue_archive),iori (swimsuit) (blue archive),,894
414192,rx-78-2,rx-78-2,,893
1235700,seiren_(suite_precure),seiren (suite precure),,892
666040,takamori_aiko,takamori aiko,,892
1394776,acerola_(pokemon),acerola (pokemon),,892
1976777,mococo_abyssgard_(1st_costume),mococo abyssgard (1st costume),,892
1504965,hagoromo_lala,hagoromo lala,,891
2026899,sinclair_(project_moon),sinclair (project moon),,891
457596,diego_brando,diego brando,,890
631826,sans,sans,,890
1390755,cosmog,cosmog,,890
1533411,neo_politan,neo politan,,889
1734145,ling_(arknights),ling (arknights),,889
14172,rainbow_mika,rainbow mika,,888
2061500,shirogane_noel_(casual),shirogane noel (casual),,888
2068458,nekomata_okayu_(oversized_shirt),nekomata okayu (oversized shirt),,888
1976776,fuwawa_abyssgard_(1st_costume),fuwawa abyssgard (1st costume),,887
409295,zack_fair,zack fair,,886
662499,nibutani_shinka,nibutani shinka,,886
1631235,nenohi_(kancolle),nenohi (kancolle),,886
1789595,saijo_juri,saijo juri,,886
1538147,sukoya_kana,sukoya kana,,886
176585,yamagishi_fuuka,yamagishi fuuka,,885
765367,chrom_(fire_emblem),chrom (fire emblem),,885
2021808,kikyou_(blue_archive),kikyou (blue archive),,885
400139,kaiou_michiru,kaiou michiru,,884
621741,nyarlathotep_(nyaruko-san),nyarlathotep (nyaruko-san),,884
2004297,yang_guifei_(second_ascension)_(fate),yang guifei (second ascension) (fate),,884
1258956,anna_(frozen),anna (frozen),,883
1679660,ibuki_(blue_archive),ibuki (blue archive),,883
16001,iwakura_lain,iwakura lain,,882
1311252,fighter_(granblue_fantasy),fighter (granblue fantasy),,882
1378272,alolan_vulpix,alolan vulpix,,881
726764,sakura_chiyo,sakura chiyo,,880
1522437,feater_(arknights),feater (arknights),,880
1586655,eunectes_(arknights),eunectes (arknights),,880
657795,cure_sunny,cure sunny,,879
378592,usada_hikaru,usada hikaru,,878
552918,kaine_(nier),kaine (nier),,877
1933146,ookami_mio_(1st_costume),ookami mio (1st costume),,877
717114,kasumigaoka_utaha,kasumigaoka utaha,,876
2026828,don_quixote_(project_moon),don quixote (project moon),,876
693559,ingo_(pokemon),ingo (pokemon),,875
708151,kido_tsubomi,kido tsubomi,,875
662005,mifune_miyu,mifune miyu,,875
1277846,isshiki_iroha,isshiki iroha,,875
1386439,iruma_miu,iruma miu,,875
14899,yamamura_sadako,yamamura sadako,,874
1816469,izuna_(swimsuit)_(blue_archive),izuna (swimsuit) (blue archive),,874
1211856,kiki_(majo_no_takkyuubin),kiki (majo no takkyuubin),,873
623899,shirabe_ako,shirabe ako,,873
1680296,nagisa_(blue_archive),nagisa (blue archive),,873
1822945,grusha_(pokemon),grusha (pokemon),,873
398745,lambdadelta,lambdadelta,,872
467599,takoluka,takoluka,,872
1275714,arare_(kancolle),arare (kancolle),,872
1630704,harukaze_(kancolle),harukaze (kancolle),,872
1205702,kirishima_touka,kirishima touka,,871
1521268,yoshizawa_kasumi,yoshizawa kasumi,,871
1630508,asakaze_(kancolle),asakaze (kancolle),,870
524044,gekota,gekota,,869
1439976,kisaragi_(azur_lane),kisaragi (azur lane),,869
1933167,mori_calliope_(1st_costume),mori calliope (1st costume),,869
1728033,keqing_(opulent_splendor)_(genshin_impact),keqing (opulent splendor) (genshin impact),,869
487247,araragi_tsukihi,araragi tsukihi,,868
1630999,hiyou_(kancolle),hiyou (kancolle),,868
8711,prinny,prinny,,867
1782427,bb_(swimsuit_mooncancer)_(second_ascension)_(fate),bb (swimsuit mooncancer) (second ascension) (fate),,867
1904758,katsuragi_ace_(umamusume),katsuragi ace (umamusume),,867
390798,eva_01,eva 01,,866
1270628,natsu_megumi,natsu megumi,,866
422413,altaria,altaria,,865
455510,cure_peach,cure peach,,865
1667168,dinergate_(girls'_frontline),dinergate (girls' frontline),,865
1441570,natsuki_(doki_doki_literature_club),natsuki (doki doki literature club),,865
1791907,utsumi_erice,utsumi erice,,865
1551985,sirius_(azure_horizons)_(azur_lane),sirius (azure horizons) (azur lane),,865
668055,kohinata_miku,kohinata miku,,864
1667171,g36_(girls'_frontline),g36 (girls' frontline),,864
1152270,ibuki_tsubasa,ibuki tsubasa,,863
1379601,guzma_(pokemon),guzma (pokemon),,863
1631405,tanikaze_(kancolle),tanikaze (kancolle),,862
1768617,scathach_(piercing_bunny)_(fate),scathach (piercing bunny) (fate),,862
602083,laura_bodewig,laura bodewig,,861
588022,cecilia_alcott,cecilia alcott,,860
1304346,yagen_toushirou,yagen toushirou,,860
1536980,zara_(poolside_coincidence)_(azur_lane),zara (poolside coincidence) (azur lane),,860
1786499,artoria_caster_(second_ascension)_(fate),artoria caster (second ascension) (fate),,860
2063323,amane_kanata_(work),amane kanata (work),,860
606793,alastor_(shakugan_no_shana),alastor (shakugan no shana),,859
1267895,ayane_(doa),ayane (doa),,859
491993,chibi_miku,chibi miku,,859
1408788,brown_bear_(kemono_friends),brown bear (kemono friends),,859
1579297,male_doctor_(arknights),male doctor (arknights),,858
1933145,takane_lui_(1st_costume),takane lui (1st costume),,858
1667232,rpk-16_(girls'_frontline),rpk-16 (girls' frontline),,857
16164,celes_chere,celes chere,,856
452145,miyanaga_saki,miyanaga saki,,856
1124739,angela_balzac,angela balzac,,856
382135,reinforce_zwei,reinforce zwei,,855
542843,nina_(fire_emblem),nina (fire emblem),,855
1462595,andira_(granblue_fantasy),andira (granblue fantasy),,855
1755026,fujimaru_ritsuka_(male)_(polar_chaldea_uniform),fujimaru ritsuka (male) (polar chaldea uniform),,855
1535101,azki_(hololive),azki (hololive),,855
1569874,yuni_(princess_connect!),yuni (princess connect!),,855
1441207,soap_(modern_warfare_2),soap (modern warfare 2),,854
700633,ene_(kagerou_project),ene (kagerou project),,854
1527238,kiran_(fire_emblem),kiran (fire emblem),,854
410025,cinnamoroll,cinnamoroll,,853
1227600,mochizuki_anna,mochizuki anna,,853
1680386,senji_muramasa_(fate),senji muramasa (fate),,853
1578189,atago_(stunning_speedster)_(azur_lane),atago (stunning speedster) (azur lane),,853
1522750,projekt_red_(arknights),projekt red (arknights),,853
1261730,elesis_(elsword),elesis (elsword),,852
445930,lapras,lapras,,851
1631293,sakawa_(kancolle),sakawa (kancolle),,851
439179,mohammed_avdol,mohammed avdol,,850
1527683,yamper,yamper,,850
1549856,frostnova_(arknights),frostnova (arknights),,850
664406,natalia_(idolmaster),natalia (idolmaster),,849
1404427,tsuchinoko_(kemono_friends),tsuchinoko (kemono friends),,849
1416553,maruyama_aya,maruyama aya,,849
1799498,akane_(bunny)_(blue_archive),akane (bunny) (blue archive),,849
2069617,ako_(dress)_(blue_archive),ako (dress) (blue archive),,849
409649,gon_freecss,gon freecss,,848
652455,maou_(maoyuu),maou (maoyuu),,848
668312,senkawa_chihiro,senkawa chihiro,,847
1667202,kalina_(girls'_frontline),kalina (girls' frontline),,847
1755030,fujimaru_ritsuka_(female)_(polar_chaldea_uniform),fujimaru ritsuka (female) (polar chaldea uniform),,847
1924186,kirara_(genshin_impact),kirara (genshin impact),,847
1505029,leonardo_da_vinci_(rider)_(fate),leonardo da vinci (rider) (fate),,846
1962907,navia_(genshin_impact),navia (genshin impact),,846
1665104,sayu_(genshin_impact),sayu (genshin impact),,845
1663193,white_rabbit_(alice_in_wonderland),white rabbit (alice in wonderland),,844
1490217,homu_(honkai_impact),homu (honkai impact),,844
1533069,rhea_(fire_emblem),rhea (fire emblem),,844
1643937,sunny_(omori),sunny (omori),,844
1644967,el_condor_pasa_(umamusume),el condor pasa (umamusume),,843
1716063,soraka_(league_of_legends),soraka (league of legends),,842
1452675,achilles_(fate),achilles (fate),,842
1335210,chara_(undertale),chara (undertale),,841
550369,lightning_farron,lightning farron,,840
1591026,pneuma_(xenoblade),pneuma (xenoblade),,840
1419237,tanned_cirno,tanned cirno,,839
555676,makoto_(street_fighter),makoto (street fighter),,838
545377,pannacotta_fugo,pannacotta fugo,,838
445934,jolteon,jolteon,,838
1232143,titan_(shingeki_no_kyojin),titan (shingeki no kyojin),,837
1276392,otokura_yuuki,otokura yuuki,,837
1471118,roon_(azur_lane),roon (azur lane),,837
1861329,cheval_grand_(umamusume),cheval grand (umamusume),,837
879608,toyokawa_fuka,toyokawa fuka,,836
1370113,sylphiette_(mushoku_tensei),sylphiette (mushoku tensei),,836
956365,mew_(pokemon),mew (pokemon),,835
422506,erika_(pokemon),erika (pokemon),,835
1440255,yuudachi_(azur_lane),yuudachi (azur lane),,835
1441519,bismarck_(azur_lane),bismarck (azur lane),,835
1686891,friend_(nanashi_mumei),friend (nanashi mumei),,835
1875918,tiki_(young)_(fire_emblem),tiki (young) (fire emblem),,834
1423996,asaka_karin,asaka karin,,834
1573721,st._louis_(luxurious_wheels)_(azur_lane),st. louis (luxurious wheels) (azur lane),,834
14431,kurapika,kurapika,,833
708150,kano_shuuya,kano shuuya,,833
1764563,fiammetta_(arknights),fiammetta (arknights),,833
1992651,hoshimachi_suisei_(school_uniform),hoshimachi suisei (school uniform),,833
1644972,maruzensky_(umamusume),maruzensky (umamusume),,833
9881,meer_campbell,meer campbell,,832
1761331,fuecoco,fuecoco,,832
1862559,meowscarada,meowscarada,,832
1644966,biwa_hayahide_(umamusume),biwa hayahide (umamusume),,832
1239636,inumuta_houka,inumuta houka,,832
1933176,oozora_subaru_(1st_costume),oozora subaru (1st costume),,831
1933194,omaru_polka_(1st_costume),omaru polka (1st costume),,831
1972681,koseki_bijou,koseki bijou,,831
1405054,caracal_(kemono_friends),caracal (kemono friends),,830
428827,trish_una,trish una,,829
1399945,tanya_degurechaff,tanya degurechaff,,829
2018079,vert_(neptunia),vert (neptunia),,828
684942,garry_(ib),garry (ib),,828
1631262,perth_(kancolle),perth (kancolle),,828
1629426,mysterious_heroine_x_(fate),mysterious heroine x (fate),,827
1251661,mega_gardevoir,mega gardevoir,,827
1441569,yuri_(doki_doki_literature_club),yuri (doki doki literature club),,827
14169,ken_masters,ken masters,,826
445931,ditto,ditto,,826
1229733,mogami_shizuka,mogami shizuka,,826
1565907,seele_(alter_ego),seele (alter ego),,826
1631233,nelson_(kancolle),nelson (kancolle),,826
1784572,abigail_williams_(swimsuit_foreigner)_(third_ascension)_(fate),abigail williams (swimsuit foreigner) (third ascension) (fate),,826
1630639,enemy_naval_mine_(kancolle),enemy naval mine (kancolle),,825
1456294,admiral_graf_spee_(azur_lane),admiral graf spee (azur lane),,825
713599,koyama_yuzu,koyama yuzu,,824
1479269,tomioka_giyuu,tomioka giyuu,,824
1374967,agatsuma_zenitsu,agatsuma zenitsu,,823
722479,fennekin,fennekin,,822
1627556,edmond_dantes_(fate),edmond dantes (fate),,822
1421068,miyashita_ai,miyashita ai,,822
1668461,kaf_(kamitsubaki_studio),kaf (kamitsubaki studio),,822
11594,lina_inverse,lina inverse,,821
538729,cure_moonlight,cure moonlight,,821
611796,litwick,litwick,,821
1337529,mikko_(girls_und_panzer),mikko (girls und panzer),,821
1629302,gawain_(fate),gawain (fate),,820
1766600,abigail_williams_(third_ascension)_(fate),abigail williams (third ascension) (fate),,820
1765868,jeanne_d'arc_alter_(avenger)_(third_ascension)_(fate),jeanne d'arc alter (avenger) (third ascension) (fate),,819
439342,taokaka,taokaka,,818
462517,yamabuki_inori,yamabuki inori,,818
507427,anegasaki_nene,anegasaki nene,,818
1353706,mumei_(kabaneri),mumei (kabaneri),,818
1820726,hokko_tarumae_(umamusume),hokko tarumae (umamusume),,818
396395,naoe_riki,naoe riki,,817
1302247,sawamura_spencer_eriri,sawamura spencer eriri,,817
622721,korra,korra,,816
1305340,morgana_(persona_5),morgana (persona 5),,816
1405052,moose_(kemono_friends),moose (kemono friends),,816
2026816,yi_sang_(project_moon),yi sang (project moon),,815
16312,tenjou_utena,tenjou utena,,814
445911,magnemite,magnemite,,813
1293670,yamada_elf,yamada elf,,813
1979031,pekomon_(usada_pekora),pekomon (usada pekora),,813
1730677,bronya_zaychik_(silverwing:_n-ex),bronya zaychik (silverwing: n-ex),,813
1719451,crow_(la+_darknesss),crow (la+ darknesss),,813
506315,yumeko_(touhou),yumeko (touhou),梦子,812
1229736,satake_minako,satake minako,,812
1522438,ushizaki_urumi,ushizaki urumi,牛崎润美,812
1630689,grecale_(kancolle),grecale (kancolle),,812
1626332,saga_(arknights),saga (arknights),,812
426520,waddle_dee,waddle dee,,811
1626978,reisen_(touhou_bougetsushou),reisen (touhou bougetsushou),铃仙二号,811
664499,hino_akane_(idolmaster),hino akane (idolmaster),,811
1768610,saber_alter_(ver._shinjuku_1999)_(fate),saber alter (ver. shinjuku 1999) (fate),,811
1567156,aoyagi_touya,aoyagi touya,,811
693236,ibuki_(street_fighter),ibuki (street fighter),,810
390231,raichu,raichu,,810
1304942,female_saniwa_(touken_ranbu),female saniwa (touken ranbu),,810
1972284,ado_(utaite),ado (utaite),,810
410735,mewtwo,mewtwo,,808
790426,ara_haan,ara haan,,808
1398095,hinatsuru_ai,hinatsuru ai,,808
8330,hoshino_ruri,hoshino ruri,,807
516743,lance_(pokemon),lance (pokemon),,807
1452666,brynhildr_(fate),brynhildr (fate),,807
382266,teana_lanster,teana lanster,,806
1931458,jingliu_(honkai:_star_rail),jingliu (honkai: star rail),,806
445938,snorlax,snorlax,,805
1631348,shinshuu_maru_(kancolle),shinshuu maru (kancolle),,805
1567155,shinonome_akito,shinonome akito,,805
1599618,whislash_(arknights),whislash (arknights),,805
1693037,le_malin_(listless_lapin)_(azur_lane),le malin (listless lapin) (azur lane),,805
605494,filia_(skullgirls),filia (skullgirls),,804
712651,isobe_noriko,isobe noriko,,804
1933214,hakos_baelz_(1st_costume),hakos baelz (1st costume),,804
1790199,copano_rickey_(umamusume),copano rickey (umamusume),,804
406554,latias,latias,,803
1240058,hange_zoe,hange zoe,,803
1374971,female_protagonist_(pokemon_go),female protagonist (pokemon go),,803
1555021,sei_shounagon_(fate),sei shounagon (fate),,803
680146,mary_(ib),mary (ib),,802
1782491,oberon_(third_ascension)_(fate),oberon (third ascension) (fate),,802
1388311,elizabeth_bathory_(brave)_(fate),elizabeth bathory (brave) (fate),,801
1822926,penny_(pokemon),penny (pokemon),,801
11683,optimus_prime,optimus prime,,801
1720787,lyney_(genshin_impact),lyney (genshin impact),,800
1764432,jeanne_d'arc_(third_ascension)_(fate),jeanne d'arc (third ascension) (fate),,799
1682885,atsuko_(blue_archive),atsuko (blue archive),,798
935917,hakurei_reimu_(pc-98),hakurei reimu (pc-98),,797
1475191,aoba_moca,aoba moca,,797
1438842,emma_verde,emma verde,,797
1534451,amamiya_kokoro,amamiya kokoro,,797
381201,konpaku_youki,konpaku youki,,796
1644985,gold_city_(umamusume),gold city (umamusume),,796
1237385,akaboshi_koume,akaboshi koume,,795
1346609,beatrix_(granblue_fantasy),beatrix (granblue fantasy),,795
1600299,blemishine_(arknights),blemishine (arknights),,795
1648576,mejiro_palmer_(umamusume),mejiro palmer (umamusume),,795
611797,chandelure,chandelure,,794
1627732,paul_bunyan_(fate),paul bunyan (fate),,794
410791,king_dedede,king dedede,,794
1259432,oomori_yuuko,oomori yuuko,,793
1643064,goutokuji_mike,goutokuji mike,豪德寺三花,793
464859,sailor_saturn,sailor saturn,,792
445834,hypno,hypno,,791
1782880,angela_(project_moon),angela (project moon),,791
1452662,suzuka_gozen_(fate),suzuka gozen (fate),,790
387301,perona,perona,,789
1401541,izayoi_liko,izayoi liko,,789
1398812,kobayashi_(maidragon),kobayashi (maidragon),,789
1509649,uzaki_tsuki,uzaki tsuki,,789
1818873,kasumi_(blue_archive),kasumi (blue archive),,789
1413408,small-clawed_otter_(kemono_friends),small-clawed otter (kemono friends),,787
1584793,raiden_mei_(herrscher_of_thunder),raiden mei (herrscher of thunder),,786
1441359,shoukaku_(azur_lane),shoukaku (azur lane),,785
14491,i-no,i-no,,784
935914,kazami_yuuka_(pc-98),kazami yuuka (pc-98),,784
1306594,ichigo_hitofuri,ichigo hitofuri,,784
1605833,klein_moretti,klein moretti,,784
1631012,i-13_(kancolle),i-13 (kancolle),,783
1560765,bagpipe_(arknights),bagpipe (arknights),,783
1951813,mudrock_(elite_ii)_(arknights),mudrock (elite ii) (arknights),,783
1785902,specter_the_unchained_(arknights),specter the unchained (arknights),,783
1627531,carmilla_(fate),carmilla (fate),,782
1675745,petra_gurin,petra gurin,,782
702015,matoi_(pso2),matoi (pso2),,781
1631216,nagara_(kancolle),nagara (kancolle),,781
1645005,sakura_bakushin_o_(umamusume),sakura bakushin o (umamusume),,781
15724,riza_hawkeye,riza hawkeye,,780
601752,milla_maxwell,milla maxwell,,780
437875,takei_hisa,takei hisa,,779
1462589,zooey_(granblue_fantasy),zooey (granblue fantasy),,779
1398097,sora_ginko,sora ginko,,779
1615566,usa-chan_(idolmaster),usa-chan (idolmaster),,778
1203675,melia_antiqua,melia antiqua,,778
1277652,yuuri_(shoujo_shuumatsu_ryokou),yuuri (shoujo shuumatsu ryokou),,778
1299400,haruno_haruka,haruno haruka,,778
1420709,hadou_nejire,hadou nejire,,777
1605354,guoba_(genshin_impact),guoba (genshin impact),,777
427882,bazett_fraga_mcremitz,bazett fraga mcremitz,,776
566218,platinum_the_trinity,platinum the trinity,,776
1541801,magallan_(arknights),magallan (arknights),,776
1515003,rena_erindel,rena erindel,,775
1257345,harime_nui,harime nui,,775
1631249,okinami_(kancolle),okinami (kancolle),,775
1249877,iori_rinko,iori rinko,,774
2061468,oozora_subaru_(work),oozora subaru (work),,774
1007211,hinata_hideki,hinata hideki,,773
633080,takakura_himari,takakura himari,,773
1441502,chito_(shoujo_shuumatsu_ryokou),chito (shoujo shuumatsu ryokou),,773
1639099,naganami_kai_ni_(kancolle),naganami kai ni (kancolle),,773
1596254,razor_(genshin_impact),razor (genshin impact),,773
1752650,narita_top_road_(umamusume),narita top road (umamusume),,773
16204,agrias_oaks,agrias oaks,,772
1249308,greninja,greninja,,772
2022005,manaka_laala,manaka laala,,771
1783171,meltryllis_(swimsuit_lancer)_(second_ascension)_(fate),meltryllis (swimsuit lancer) (second ascension) (fate),,771
2061491,gawr_gura_(casual),gawr gura (casual),,770
1657407,blue_poison_(shoal_beat)_(arknights),blue poison (shoal beat) (arknights),,769
1794300,shikanoin_heizou,shikanoin heizou,,769
1674016,manya_(dq4),manya (dq4),,768
419659,rita_mordio,rita mordio,,768
444238,drifloon,drifloon,,767
1245116,ri-class_heavy_cruiser,ri-class heavy cruiser,,767
1480691,platelet_(hataraku_saibou),platelet (hataraku saibou),,767
1571593,tang_keke,tang keke,,766
1631231,natori_(kancolle),natori (kancolle),,765
1631118,kishinami_(kancolle),kishinami (kancolle),,765
1524978,silverash_(arknights),silverash (arknights),,765
16323,char_aznable,char aznable,,764
1265247,sato_shin,sato shin,,764
432818,hirose_koichi,hirose koichi,,763
688953,igarashi_kyoko,igarashi kyoko,,763
1443050,zuikaku_(azur_lane),zuikaku (azur lane),,763
466150,yuri_sakazaki,yuri sakazaki,,762
523901,shinonome_nano,shinonome nano,,762
1449525,phosphophyllite_(ll),phosphophyllite (ll),,762
1678851,mizuki_(arknights),mizuki (arknights),,762
1934879,k1-b0,k1-b0,,761
1432300,yatadera_narumi,yatadera narumi,,761
1623487,crypto_(apex_legends),crypto (apex legends),,761
1605817,stark_(sousou_no_frieren),stark (sousou no frieren),,761
1790903,lisbeth_(sao),lisbeth (sao),,760
1565905,bianka_durandal_ataegina,bianka durandal ataegina,,760
1954908,dan_heng_(imbibitor_lunae)_(honkai:_star_rail),dan heng (imbibitor lunae) (honkai: star rail),,760
14141,saotome_ranma,saotome ranma,,759
423092,dead_master,dead master,,759
1685846,rei_(pokemon),rei (pokemon),,759
1631060,janus_(kancolle),janus (kancolle),,758
445904,gastly,gastly,,757
868605,todo_yurika,todo yurika,,757
1572168,heanna_sumire,heanna sumire,,757
1649138,heracles_(fate),heracles (fate),,756
462002,flygon,flygon,,756
1627797,wu_zetian_(fate),wu zetian (fate),,756
1627167,stheno_(fate),stheno (fate),,755
7660,enma_ai,enma ai,,755
1644974,taiki_shuttle_(umamusume),taiki shuttle (umamusume),,755
450993,milotic,milotic,,754
13993,ky_kiske,ky kiske,,753
1781830,jeanne_d'arc_(swimsuit_archer)_(first_ascension)_(fate),jeanne d'arc (swimsuit archer) (first ascension) (fate),,753
2026818,faust_(project_moon),faust (project moon),,753
1847558,layla_(genshin_impact),layla (genshin impact),,753
695974,roxie_(pokemon),roxie (pokemon),,753
410729,absol,absol,,752
462261,nikka_edvardine_katajainen,nikka edvardine katajainen,,752
716715,cure_heart,cure heart,,752
1228013,regina_(dokidoki!_precure),regina (dokidoki! precure),,751
1631044,irako_(kancolle),irako (kancolle),,751
2026869,hong_lu_(project_moon),hong lu (project moon),,751
400328,okita_sougo,okita sougo,,750
466277,maya_fey,maya fey,,749
8108,piccolo,piccolo,,748
1281005,naomi_(girls_und_panzer),naomi (girls und panzer),,748
1646429,fukuda_haru,fukuda haru,,748
15646,usopp,usopp,,747
449290,dragonite,dragonite,,747
1304907,gokotai,gokotai,,747
1416572,nanami_yachiyo,nanami yachiyo,,747
1496591,nikaidou_saki,nikaidou saki,,747
1400058,satanichia_kurumizawa_mcdowell,satanichia kurumizawa mcdowell,,745
1405059,sand_cat_(kemono_friends),sand cat (kemono friends),,744
1790615,spicy_nun_(diva),spicy nun (diva),,744
2003721,mori_calliope_(streetwear),mori calliope (streetwear),,743
1885929,nijigaoka_mashiro,nijigaoka mashiro,,743
466172,bartz_klauser,bartz klauser,,742
176591,aragaki_shinjirou,aragaki shinjirou,,742
1631108,kikuzuki_(kancolle),kikuzuki (kancolle),,742
1316228,nakagawa_natsuki,nakagawa natsuki,,742
1431868,nitocris_(swimsuit_assassin)_(fate),nitocris (swimsuit assassin) (fate),,742
1639090,maya_kai_ni_(kancolle),maya kai ni (kancolle),,741
445875,psyduck,psyduck,,740
445864,clefairy,clefairy,,740
609604,evelynn_(league_of_legends),evelynn (league of legends),,740
1085943,tokoro_megumi,tokoro megumi,,740
1305420,shokudaikiri_mitsutada,shokudaikiri mitsutada,,740
1476829,kanae_(nijisanji),kanae (nijisanji),,740
1658838,sakura_chiyono_o_(umamusume),sakura chiyono o (umamusume),,740
1645753,roll_caskett_(mega_man),roll caskett (mega man),,739
1934685,fukawa_toko,fukawa toko,,739
1627625,lavinia_whateley_(fate),lavinia whateley (fate),,739
1793076,himeko_(honkai:_star_rail),himeko (honkai: star rail),,739
391387,akita_neru,akita neru,,738
1333463,beatrice_(re:zero),beatrice (re:zero),,738
1708017,sirius_(scorching-hot_seirios)_(azur_lane),sirius (scorching-hot seirios) (azur lane),,738
1607368,van_gogh_(fate),van gogh (fate),,738
11487,kuradoberi_jam,kuradoberi jam,,737
427478,fudou_yuusei,fudou yuusei,,737
420633,santa_claus,santa claus,,736
386902,itou_kaiji,itou kaiji,,736
1550049,yamada_anna,yamada anna,,736
664407,himekawa_yuki,himekawa yuki,,735
1442949,ptilopsis_(arknights),ptilopsis (arknights),,735
1859641,faruzan_(genshin_impact),faruzan (genshin impact),,735
421517,portgas_d._ace,portgas d. ace,,734
593801,cure_rhythm,cure rhythm,,734
1782428,bb_(swimsuit_mooncancer)_(third_ascension)_(fate),bb (swimsuit mooncancer) (third ascension) (fate),,734
1346345,takimoto_hifumi,takimoto hifumi,,733
1386286,yonaga_angie,yonaga angie,,733
1693731,mash_kyrielight_(swimsuit_of_perpetual_summer),mash kyrielight (swimsuit of perpetual summer),,732
1491428,takamiya_rion,takamiya rion,,732
1568796,quanxi_(chainsaw_man),quanxi (chainsaw man),,732
1962856,wriothesley_(genshin_impact),wriothesley (genshin impact),,732
1856690,texas_the_omertosa_(arknights),texas the omertosa (arknights),,731
520900,sf-a2_miki,sf-a2 miki,,731
408937,young_link,young link,,730
432820,nijimura_okuyasu,nijimura okuyasu,,730
628321,asuka_(senran_kagura),asuka (senran kagura),,730
690136,touhoku_zunko,touhoku zunko,,730
1491126,tsuyuri_kanao,tsuyuri kanao,,730
404920,sage_(dq3),sage (dq3),,729
1305382,kogitsunemaru,kogitsunemaru,,729
1508806,julia_(fire_emblem),julia (fire emblem),,728
2018045,black_heart_(neptunia),black heart (neptunia),,728
1485459,jean_bart_(azur_lane),jean bart (azur lane),,728
1731177,yun_jin_(genshin_impact),yun jin (genshin impact),,728
1528912,takumi_(fire_emblem),takumi (fire emblem),,727
1538827,mercedes_von_martritz,mercedes von martritz,,727
1563389,angel_devil_(chainsaw_man),angel devil (chainsaw man),,727
1787758,kaho_(blue_archive),kaho (blue archive),,727
2057377,shiori_novella_(1st_costume),shiori novella (1st costume),,727
1631097,kasuga_maru_(kancolle),kasuga maru (kancolle),,726
1646769,ikuno_dictus_(umamusume),ikuno dictus (umamusume),,725
708153,seto_kousuke,seto kousuke,,724
1356607,chomusuke,chomusuke,,724
1527178,elise_(fire_emblem),elise (fire emblem),,724
31266,roy_mustang,roy mustang,,723
1377218,otomachi_una,otomachi una,,723
1343981,mikumo_guynemer,mikumo guynemer,,722
1653646,aubrey_(omori),aubrey (omori),,722
713347,katagiri_sanae,katagiri sanae,,720
1906528,carmine_(pokemon),carmine (pokemon),,720
384314,saigusa_haruka,saigusa haruka,,719
1387122,mordred_(swimsuit_rider)_(fate),mordred (swimsuit rider) (fate),,718
1654875,shigure_(blue_archive),shigure (blue archive),,718
1698183,koyuki_(blue_archive),koyuki (blue archive),,718
1408392,golden_snub-nosed_monkey_(kemono_friends),golden snub-nosed monkey (kemono friends),,717
1627172,viy_(fate),viy (fate),,717
1765330,elizabeth_bathory_(first_ascension)_(fate),elizabeth bathory (first ascension) (fate),,716
1529378,sakata_kintoki_(fate),sakata kintoki (fate),,716
1461165,uchi_emiri,uchi emiri,,716
2041948,hoshimachi_suisei_(streetwear),hoshimachi suisei (streetwear),,716
1351074,wiz_(konosuba),wiz (konosuba),,715
1440285,queen_elizabeth_(azur_lane),queen elizabeth (azur lane),,715
496529,touwa_erio,touwa erio,,714
1450276,cutlass_(girls_und_panzer),cutlass (girls und panzer),,714
1705076,rosa_(tears_of_themis),rosa (tears of themis),,714
1893558,shigure_kai_san_(kancolle),shigure kai san (kancolle),,714
408664,pachirisu,pachirisu,,713
1285963,alena_(dq4),alena (dq4),,712
1452677,semiramis_(fate),semiramis (fate),,711
701386,koizumi_mahiru,koizumi mahiru,,711
1667169,negev_(girls'_frontline),negev (girls' frontline),,711
1237658,error_musume,error musume,,709
1629339,gray_(fate),gray (fate),,709
1627758,scheherazade_(fate),scheherazade (fate),,709
1588338,tomoe_gozen_(swimsuit_saber)_(fate),tomoe gozen (swimsuit saber) (fate),,709
1350943,adventurer_(ff14),adventurer (ff14),,708
713611,utsugi_yuuki,utsugi yuuki,,708
1067206,hayasaka_mirei,hayasaka mirei,,708
1694419,douki-chan_(douki-chan),douki-chan (douki-chan),,708
1538082,myrtle_(arknights),myrtle (arknights),,708
405335,olimar,olimar,,707
644034,kariya_masaki,kariya masaki,,706
1337509,freyja_wion,freyja wion,,706
1445281,misono_karin,misono karin,,706
1461598,sheffield_(azur_lane),sheffield (azur lane),,706
2061489,takanashi_kiara_(casual),takanashi kiara (casual),,706
1689852,hatsutori_hajime,hatsutori hajime,,706
1722734,bronya_rand,bronya rand,,706
1837736,saren_(summer)_(princess_connect!),saren (summer) (princess connect!),,706
1272430,isolated_island_oni,isolated island oni,,705
462515,aono_miki,aono miki,,704
1327917,yuel_(granblue_fantasy),yuel (granblue fantasy),,704
1520873,murosaki_miyo,murosaki miyo,,704
544079,barry_(pokemon),barry (pokemon),,703
480982,asbel_lhant,asbel lhant,,703
1233901,sophie_(tales),sophie (tales),,703
1420829,matsubara_kanon,matsubara kanon,,703
1530109,alcremie,alcremie,,702
4516,poring,poring,,701
1641409,ingrid_(capcom),ingrid (capcom),,701
381037,minazuki_karen,minazuki karen,,700
731293,nakiri_erina,nakiri erina,,700
1762593,kirisawa_juuzou_(character),kirisawa juuzou (character),,700
1488450,sora_(arknights),sora (arknights),,700
1400388,olga_marie_animusphere,olga marie animusphere,,699
1631186,minegumo_(kancolle),minegumo (kancolle),,699
575935,mishaguji,mishaguji,,698
1667164,g41_(girls'_frontline),g41 (girls' frontline),,698
1441568,sayori_(doki_doki_literature_club),sayori (doki doki literature club),,698
1692320,nemo_(fate),nemo (fate),,698
497689,cheria_barnes,cheria barnes,,697
1500529,rindou_mikoto,rindou mikoto,,697
1530200,shining_(arknights),shining (arknights),,697
1836426,aranara_(genshin_impact),aranara (genshin impact),,697
717138,cure_sword,cure sword,,696
958112,hakozaki_serika,hakozaki serika,,696
1553038,gravel_(arknights),gravel (arknights),,696
1578643,mifune_shioriko,mifune shioriko,,696
1652773,gladiia_(arknights),gladiia (arknights),,696
1296576,kirishima_eijirou,kirishima eijirou,,695
1825540,shiver_(splatoon),shiver (splatoon),,695
1434774,uehara_himari,uehara himari,,694
1596529,bubba_(watson_amelia),bubba (watson amelia),,694
1617254,fuuka_(blue_archive),fuuka (blue archive),,693
597140,katarina_(league_of_legends),katarina (league of legends),,692
1387021,tanigaki_genjirou,tanigaki genjirou,,692
1545621,astolfo_(saber)_(fate),astolfo (saber) (fate),,692
1697525,arezu_(pokemon),arezu (pokemon),,691
433613,sailor_chibi_moon,sailor chibi moon,,690
1677248,lain_paterson,lain paterson,,690
1331206,kawakami_mai,kawakami mai,,689
1564454,subaru_duck,subaru duck,,689
1913137,ho'olheyak_(arknights),ho'olheyak (arknights),,689
1560546,chocola_(nekopara),chocola (nekopara),,688
1667205,9a-91_(girls'_frontline),9a-91 (girls' frontline),,688
1520862,hozuki_kaede,hozuki kaede,,688
1495284,honma_himawari,honma himawari,,688
1962930,clorinde_(genshin_impact),clorinde (genshin impact),,688
1507455,himesaka_noa,himesaka noa,,687
404919,soldier_(dq3),soldier (dq3),,686
548087,hasegawa_kobato,hasegawa kobato,,686
1525774,wooloo,wooloo,,686
1724456,volo_(pokemon),volo (pokemon),,686
1577018,rosa_(arknights),rosa (arknights),,685
1782757,kama_(first_ascension)_(fate),kama (first ascension) (fate),,685
416301,asahina_aoi,asahina aoi,,684
2018078,uni_(neptunia),uni (neptunia),,684
1528887,grima_(fire_emblem),grima (fire emblem),,683
971934,vampy,vampy,,683
1768854,mysterious_heroine_x_alter_(first_ascension)_(fate),mysterious heroine x alter (first ascension) (fate),,683
1411715,okusawa_misaki,okusawa misaki,,683
1420691,imai_lisa,imai lisa,,683
1524831,jessica_(arknights),jessica (arknights),,683
1552638,kagemori_michiru,kagemori michiru,,683
437350,ayatsuji_tsukasa,ayatsuji tsukasa,,682
1619673,puru-see_(hoshizuki_(seigetsu)),puru-see (hoshizuki (seigetsu)),,682
1454529,okada_izou_(fate),okada izou (fate),,682
1622476,tsurugi_(blue_archive),tsurugi (blue archive),,682
1281007,erwin_(girls_und_panzer),erwin (girls und panzer),,681
1625322,maki_(blue_archive),maki (blue archive),,681
658080,ikusaba_mukuro,ikusaba mukuro,,679
1445024,shirasagi_chisato,shirasagi chisato,,679
437351,morishima_haruka,morishima haruka,,678
1482284,oda_nobukatsu_(fate),oda nobukatsu (fate),,678
1520878,oka_asahi,oka asahi,,678
1530558,gavial_(arknights),gavial (arknights),,678
1459803,mitsumine_yuika,mitsumine yuika,,677
1460549,nekomiya_hinata,nekomiya hinata,,677
1639124,tenryuu_kai_ni_(kancolle),tenryuu kai ni (kancolle),,677
1903602,implacable_(azur_lane),implacable (azur lane),,677
1343588,shimada_chiyo,shimada chiyo,,676
1505254,uesugi_fuutarou,uesugi fuutarou,,676
1686868,mr._squeaks_(hakos_baelz),mr. squeaks (hakos baelz),,674
1971286,ui_(swimsuit)_(blue_archive),ui (swimsuit) (blue archive),,674
1443600,romani_archaman,romani archaman,,673
1836895,karyl_(summer)_(princess_connect!),karyl (summer) (princess connect!),,673
2042242,xianyun_(genshin_impact),xianyun (genshin impact),,673
842024,tanaka_kotoha,tanaka kotoha,,672
1315625,adult_neptune,adult neptune,,672
1734375,shiratsuyu_kai_ni_(kancolle),shiratsuyu kai ni (kancolle),,672
1695273,okita_j._souji_(fate),okita j. souji (fate),,672
1695582,laura_la_mer,laura la mer,,672
1524990,zima_(arknights),zima (arknights),,671
1493140,red_pikmin,red pikmin,,669
1257848,hoshimiya_kate,hoshimiya kate,,669
1933135,akai_haato_(1st_costume),akai haato (1st costume),,669
1376985,roger_(guilty_gear),roger (guilty gear),,668
700408,saionji_hiyoko,saionji hiyoko,,668
1933187,kureiji_ollie_(1st_costume),kureiji ollie (1st costume),,667
1569873,chloe_(princess_connect!),chloe (princess connect!),,667
1582407,perseus_(azur_lane),perseus (azur lane),,667
422385,wingull,wingull,,666
693558,emmet_(pokemon),emmet (pokemon),,665
1631014,i-14_(kancolle),i-14 (kancolle),,665
1409004,african_wild_dog_(kemono_friends),african wild dog (kemono friends),,665
1530808,frostleaf_(arknights),frostleaf (arknights),,665
1930563,nekomata_okayu_(3rd_costume),nekomata okayu (3rd costume),,665
1793084,seele_(honkai:_star_rail),seele (honkai: star rail),,665
1284579,bertolt_hoover,bertolt hoover,,664
1396665,medusa_(lancer)_(fate),medusa (lancer) (fate),,664
1286003,alice_cartelet,alice cartelet,,663
1368529,vyrn_(granblue_fantasy),vyrn (granblue fantasy),,662
1733501,vertin_(reverse:1999),vertin (reverse:1999),,662
1440310,eldridge_(azur_lane),eldridge (azur lane),,661
1465798,morinaka_kazaki,morinaka kazaki,,661
1627881,skadi_(waverider)_(arknights),skadi (waverider) (arknights),,660
1885788,kamisato_ayaka_(springbloom_missive),kamisato ayaka (springbloom missive),,660
1480768,siro_(dennou_shoujo_youtuber_siro),siro (dennou shoujo youtuber siro),,659
1606123,kon_kanaho,kon kanaho,,659
1532745,sothis_(fire_emblem),sothis (fire emblem),,658
1528696,nui_sociere,nui sociere,,658
1955335,saki_(swimsuit)_(blue_archive),saki (swimsuit) (blue archive),,658
1644971,hishi_amazon_(umamusume),hishi amazon (umamusume),,658
1724570,adaman_(pokemon),adaman (pokemon),,657
1326283,jeanne_d'arc_(granblue_fantasy),jeanne d'arc (granblue fantasy),,656
1396666,gilgamesh_(caster)_(fate),gilgamesh (caster) (fate),,656
1419936,minato_yukina,minato yukina,,656
1631369,south_dakota_(kancolle),south dakota (kancolle),,655
1645003,nishino_flower_(umamusume),nishino flower (umamusume),,655
1325649,hacka_doll_3,hacka doll 3,,654
1535934,falin_thorden,falin thorden,,654
1643067,hinata_(blue_archive),hinata (blue archive),,654
1276394,yorita_yoshino,yorita yoshino,,653
664507,aiba_yumi,aiba yumi,,651
1631470,wakaba_(kancolle),wakaba (kancolle),,651
1644969,fuji_kiseki_(umamusume),fuji kiseki (umamusume),,651
1645013,winning_ticket_(umamusume),winning ticket (umamusume),,651
1482584,xenovia_quarta,xenovia quarta,,650
1387119,kiyohime_(swimsuit_lancer)_(fate),kiyohime (swimsuit lancer) (fate),,650
1645012,tosen_jordan_(umamusume),tosen jordan (umamusume),,650
1723652,aurora_(arknights),aurora (arknights),,648
1977084,baobhan_sith_(first_ascension)_(fate),baobhan sith (first ascension) (fate),,646
1284942,midway_princess,midway princess,,645
722673,yukimura_aoi,yukimura aoi,,644
1386296,chabashira_tenko,chabashira tenko,,644
466270,apollo_justice,apollo justice,,643
1504963,hoshina_hikaru,hoshina hikaru,,643
1322176,silva_(granblue_fantasy),silva (granblue fantasy),,642
1538826,annette_fantine_dominic,annette fantine dominic,,641
1692684,sakurako_(blue_archive),sakurako (blue archive),,641
2069619,hina_(dress)_(blue_archive),hina (dress) (blue archive),,641
1781831,jeanne_d'arc_(swimsuit_archer)_(second_ascension)_(fate),jeanne d'arc (swimsuit archer) (second ascension) (fate),,640
2039803,murasaki_shion_(gothic_lolita),murasaki shion (gothic lolita),,638
1622083,serina_(blue_archive),serina (blue archive),,637
1535933,laios_thorden,laios thorden,,636
1627784,valkyrie_(fate),valkyrie (fate),,636
1567602,muelsyse_(arknights),muelsyse (arknights),,636
1639075,jintsuu_kai_ni_(kancolle),jintsuu kai ni (kancolle),,635
1523150,bokukawauso,bokukawauso,,634
1255892,cure_lovely,cure lovely,,633
1600200,wuxian_(the_legend_of_luoxiaohei),wuxian (the legend of luoxiaohei),,633
1686625,conte_di_cavour_(kancolle),conte di cavour (kancolle),,633
710628,asuna_(sao-alo),asuna (sao-alo),,632
1312417,muppo,muppo,,631
1513963,shirayuki_chiyo,shirayuki chiyo,,631
1904760,hishi_miracle_(umamusume),hishi miracle (umamusume),,631
1630702,hamanami_(kancolle),hamanami (kancolle),,629
1931154,uruha_rushia_(3rd_costume),uruha rushia (3rd costume),,629
1763341,fuyutsuki_(kancolle),fuyutsuki (kancolle),,629
1420746,udagawa_tomoe,udagawa tomoe,,627
1608817,junko_(blue_archive),junko (blue archive),,627
1886371,cure_sky,cure sky,,627
2034651,eimi_(swimsuit)_(blue_archive),eimi (swimsuit) (blue archive),,627
1251357,diamond_(houseki_no_kuni),diamond (houseki no kuni),,626
1598263,neko_(minato_aqua),neko (minato aqua),,626
788671,bottle_miku,bottle miku,,625
1639085,kinugasa_kai_ni_(kancolle),kinugasa kai ni (kancolle),,625
1423117,sakuramori_kaori,sakuramori kaori,,624
1645000,nakayama_festa_(umamusume),nakayama festa (umamusume),,623
1319286,yoshikawa_yuuko,yoshikawa yuuko,,620
1630664,fujinami_(kancolle),fujinami (kancolle),,620
1340823,asirpa,asirpa,,618
2024289,shuro_(blue_archive),shuro (blue archive),,618
1759963,aston_machan_(umamusume),aston machan (umamusume),,616
1504669,tsujino_akari,tsujino akari,,614
1533772,uzuki_sayaka,uzuki sayaka,,607
1533771,kumada_masaru,kumada masaru,,600
